{"type": "FeatureCollection", "features": [{"type": "Feature", "properties": {"tarla": "18/1", "nr_parcele": 49, "suprafata_totala": 268231}, "geometry": {"type": "MultiPolygon", "coordinates": [[[[24.32606692, 44.82289841], [24.32608354, 44.82267587], [24.32609422, 44.82263526], [24.32582294, 44.82238483], [24.32578206, 44.82233804], [24.32570605, 44.82227927], [24.32545243, 44.82226388], [24.32503497, 44.82229711], [24.32465516, 44.8224757], [24.32445031, 44.82258172], [24.32416795, 44.82263007], [24.32413966, 44.82259852], [24.32389696, 44.82264156], [24.32373497, 44.82269629], [24.32365844, 44.82282781], [24.32359922, 44.82293567], [24.32338645, 44.8230854], [24.32338394, 44.82367353], [24.32338228, 44.8240623], [24.32338157, 44.82422734], [24.32337997, 44.82460318], [24.32337963, 44.82468138], [24.32337931, 44.82475923], [24.32337865, 44.82491395], [24.32337798, 44.82506662], [24.32337736, 44.82521784], [24.32337702, 44.82529294], [24.32337671, 44.82536786], [24.32337608, 44.82551782], [24.32337575, 44.82559166], [24.32337509, 44.82574645], [24.32337456, 44.82586961], [24.32337386, 44.82603574], [24.32337329, 44.82616998], [24.3233727, 44.82630664], [24.32337215, 44.82643506], [24.32337161, 44.82656289], [24.32337107, 44.8266901], [24.3233704, 44.82684694], [24.32336999, 44.82694131], [24.3233696, 44.82703534], [24.32336934, 44.82709787], [24.32336906, 44.82716026], [24.32336874, 44.82723646], [24.32332354, 44.82741294], [24.32329942, 44.82750713], [24.3232996, 44.82753728], [24.32330027, 44.82765792], [24.32330095, 44.82777807], [24.32330162, 44.82789771], [24.32330297, 44.82813561], [24.32330402, 44.82832449], [24.32330469, 44.828442], [24.32330526, 44.82854484], [24.3233059, 44.82865732], [24.32330636, 44.82873724], [24.3233068, 44.82881745], [24.32330736, 44.82891752], [24.32330849, 44.82911696], [24.32330878, 44.82917015], [24.32331795, 44.82921401], [24.323345, 44.82934366], [24.32336611, 44.82944473], [24.32336471, 44.82947465], [24.32335844, 44.82960859], [24.32335219, 44.82974189], [24.32334597, 44.8298746], [24.32333979, 44.83000673], [24.32333363, 44.8301383], [24.32769187, 44.82960474], [24.32767928, 44.82947547], [24.32766666, 44.82934564], [24.32765395, 44.82921525], [24.32764121, 44.82908427], [24.32762841, 44.82895266], [24.32762697, 44.82893777], [24.32761558, 44.82882083], [24.32760279, 44.82868943], [24.32759334, 44.8285924], [24.32757415, 44.82839515], [24.32756453, 44.82829619], [24.3275568, 44.82821688], [24.32754911, 44.82813783], [24.32754057, 44.82805004], [24.32817791, 44.82798418], [24.32815434, 44.82784826], [24.32813436, 44.82773313], [24.32810224, 44.82754804], [24.32806181, 44.82731491], [24.32804147, 44.82719768], [24.32802105, 44.82707996], [24.32800055, 44.82696174], [24.32797992, 44.82684286], [24.32793796, 44.82660088], [24.32792735, 44.82653983], [24.32791675, 44.82647863], [24.32790077, 44.8263866], [24.32788477, 44.82629424], [24.32785813, 44.82614074], [24.32783654, 44.82601624], [24.32781482, 44.82589113], [24.32781102, 44.82586912], [24.32763966, 44.82578424], [24.3275027, 44.82571637], [24.32747199, 44.82566818], [24.32739265, 44.82554372], [24.32729449, 44.82538969], [24.32722173, 44.82527551], [24.32719819, 44.82523859], [24.32718752, 44.82513087], [24.32717974, 44.82505235], [24.32716504, 44.82490426], [24.32715771, 44.82483028], [24.32715443, 44.82479717], [24.3271449, 44.82475678], [24.32711024, 44.82460988], [24.32707522, 44.82446158], [24.32706114, 44.82440191], [24.32704153, 44.82431106], [24.32702516, 44.82423525], [24.32700872, 44.8241591], [24.32696828, 44.82397182], [24.32687396, 44.82379995], [24.32678913, 44.82364537], [24.32674457, 44.82356417], [24.32650251, 44.82333054], [24.32645867, 44.82329708], [24.32621133, 44.82310824], [24.32606692, 44.82289841]]], [[[24.32770659, 44.829756], [24.3277044, 44.82973351], [24.32769814, 44.82966919], [24.32333055, 44.83020389], [24.32332749, 44.83026935], [24.32331632, 44.83050774], [24.32770659, 44.829756]]]]}}, {"type": "Feature", "properties": {"tarla": "24,", "nr_parcele": 1, "suprafata_totala": 1}, "geometry": {"type": "Polygon", "coordinates": [[[24.29381842, 44.83479533], [24.29382879, 44.8347992], [24.29382339, 44.83480653], [24.29381297, 44.83480271], [24.29381842, 44.83479533]]]}}, {"type": "Feature", "properties": {"tarla": "21/1", "nr_parcele": 2, "suprafata_totala": 7500}, "geometry": {"type": "MultiPolygon", "coordinates": [[[[24.29792411, 44.8269788], [24.29793251, 44.82689427], [24.29794186, 44.82680013], [24.29795033, 44.82671484], [24.29795661, 44.82665171], [24.2979593, 44.82662965], [24.29796358, 44.82659445], [24.29722186, 44.82658009], [24.29718704, 44.82696452], [24.29792411, 44.8269788]]], [[[24.29775066, 44.82787695], [24.29780115, 44.82760888], [24.29786136, 44.82761035], [24.29786934, 44.82753008], [24.29787269, 44.82749627], [24.29787557, 44.8274673], [24.29788997, 44.82732235], [24.29789531, 44.82726856], [24.29698523, 44.82721291], [24.29682899, 44.82781396], [24.29775066, 44.82787695]]]]}}, {"type": "Feature", "properties": {"tarla": "UP", "nr_parcele": 2, "suprafata_totala": 1460}, "geometry": {"type": "MultiPolygon", "coordinates": [[[[24.29372075, 44.77413952], [24.2913097, 44.77400915], [24.29130392, 44.77406851], [24.29365848, 44.77419577], [24.29372075, 44.77413952]]], [[[24.29412291, 44.77425199], [24.29418579, 44.77419782], [24.29381232, 44.77414401], [24.29375, 44.77420031], [24.29412291, 44.77425199]]]]}}, {"type": "Feature", "properties": {"tarla": "2", "nr_parcele": 4, "suprafata_totala": 5663}, "geometry": {"type": "Polygon", "coordinates": [[[24.29039088, 44.84158739], [24.29038969, 44.84155257], [24.29038765, 44.84149399], [24.28987562, 44.84145921], [24.28985634, 44.84161542], [24.28983705, 44.84177162], [24.28982777, 44.84186198], [24.28982651, 44.84187423], [24.28982547, 44.84188477], [24.28980958, 44.84204629], [24.28980776, 44.84206489], [24.28977674, 44.84226908], [24.28973865, 44.84255866], [24.29018777, 44.84258576], [24.2901966, 44.84250003], [24.29021759, 44.84229628], [24.29041408, 44.84230841], [24.29061058, 44.84232053], [24.2905118, 44.84208556], [24.29048348, 44.84209178], [24.2904581, 44.8419898], [24.29044929, 44.84195441], [24.29043694, 44.84190478], [24.29041182, 44.84180377], [24.29039606, 44.84164089], [24.29039088, 44.84158739]]]}}, {"type": "Feature", "properties": {"tarla": "3", "nr_parcele": 29, "suprafata_totala": 73053}, "geometry": {"type": "MultiPolygon", "coordinates": [[[[24.29128634, 44.83990448], [24.29130815, 44.84003909], [24.29133894, 44.84022907], [24.29136047, 44.84036188], [24.29116478, 44.84035794], [24.29066781, 44.84034793], [24.2906441, 44.84056381], [24.29062301, 44.84075587], [24.29059626, 44.84099618], [24.29058739, 44.84105044], [24.29058106, 44.84108921], [24.29055269, 44.84122447], [24.29054026, 44.8413486], [24.29052445, 44.84152782], [24.29052716, 44.84156377], [24.2904592, 44.84155824], [24.29038969, 44.84155257], [24.29039088, 44.84158739], [24.29039606, 44.84164089], [24.29041182, 44.84180377], [24.29043694, 44.84190478], [24.29044929, 44.84195441], [24.2904581, 44.8419898], [24.29048348, 44.84209178], [24.2905118, 44.84208556], [24.29061058, 44.84232053], [24.29041408, 44.84230841], [24.29021759, 44.84229628], [24.2901966, 44.84250003], [24.29018777, 44.84258576], [24.28973865, 44.84255866], [24.28971874, 44.8427049], [24.28971645, 44.84272798], [24.28978742, 44.84273276], [24.29083123, 44.8427904], [24.29081902, 44.84276436], [24.29126204, 44.84277992], [24.29147356, 44.84278082], [24.29146534, 44.84275408], [24.29143824, 44.84266588], [24.29127639, 44.84213937], [24.291199, 44.84188759], [24.29107903, 44.84149761], [24.29110267, 44.84145639], [24.29109683, 44.84141091], [24.29127076, 44.84138993], [24.29125776, 44.84124936], [24.29125423, 44.84101374], [24.2920923, 44.84099892], [24.2920908, 44.84087053], [24.29208976, 44.84078205], [24.29295214, 44.84078866], [24.29336417, 44.84079181], [24.29337885, 44.84079654], [24.29344795, 44.84081879], [24.29351356, 44.8408064], [24.29352783, 44.84075982], [24.29358123, 44.8405353], [24.29367883, 44.8405478], [24.29376402, 44.84055858], [24.29386051, 44.84030732], [24.29365423, 44.84026873], [24.29356364, 44.84034344], [24.29356038, 44.84034613], [24.2933318, 44.84034376], [24.29333166, 44.84034209], [24.2933167, 44.84016567], [24.29302897, 44.84017935], [24.29301394, 44.84017883], [24.29292819, 44.84018466], [24.29292816, 44.84018466], [24.29284048, 44.84018656], [24.29256314, 44.84016937], [24.29180689, 44.8401908], [24.2918022, 44.84002083], [24.29179845, 44.8398847], [24.29229564, 44.83985655], [24.2925837, 44.83984025], [24.29275873, 44.83982731], [24.29293331, 44.83981613], [24.29298671, 44.83981007], [24.29294999, 44.83960411], [24.29288962, 44.83959107], [24.29281756, 44.83955817], [24.29256855, 44.83956614], [24.29227287, 44.83958809], [24.29212391, 44.83959913], [24.29177088, 44.83962218], [24.29161013, 44.83963267], [24.29161343, 44.83948964], [24.29157978, 44.83949057], [24.29157973, 44.83949057], [24.29121482, 44.83950064], [24.29119803, 44.83968282], [24.29132184, 44.83968244], [24.29131397, 44.83990342], [24.29128634, 44.83990448]]], [[[24.28969639, 44.84290622], [24.29005646, 44.84295046], [24.29044156, 44.84305063], [24.29090135, 44.84322365], [24.29077322, 44.84324883], [24.29084623, 44.84330375], [24.2909786, 44.84340332], [24.29124174, 44.84379168], [24.29195846, 44.84414537], [24.29209624, 44.84423892], [24.29223401, 44.84433246], [24.29242288, 44.84455024], [24.29259744, 44.84467517], [24.29271516, 44.84447242], [24.29285541, 44.84429301], [24.2929831, 44.84408206], [24.29317812, 44.84391735], [24.29337919, 44.84377679], [24.29369197, 44.84373225], [24.29380777, 44.84377163], [24.29381603, 44.84377641], [24.29395827, 44.84377188], [24.29388309, 44.84363454], [24.29380889, 44.84364547], [24.2937871, 44.84363789], [24.29337252, 44.84349345], [24.29338291, 44.84345783], [24.29309275, 44.84338956], [24.29287772, 44.84333887], [24.29274082, 44.84332171], [24.29236422, 44.84327449], [24.29223537, 44.84326683], [24.29091585, 44.84318839], [24.29046218, 44.84301766], [24.29047319, 44.84294192], [24.29004644, 44.8428312], [24.2897097, 44.84278317], [24.28969931, 44.84286782], [24.28969639, 44.84290622]], [[24.29179725, 44.84344549], [24.29113784, 44.84331886], [24.29160803, 44.84340915], [24.29179725, 44.84344549]]], [[[24.29237146, 44.83800465], [24.29210372, 44.83792018], [24.29209516, 44.83799805], [24.29211113, 44.83804882], [24.29212712, 44.83809959], [24.29215273, 44.83816668], [24.29207424, 44.83825272], [24.29198462, 44.83830697], [24.29195924, 44.83835811], [24.29188679, 44.83855634], [24.29185133, 44.83865336], [24.29155336, 44.83860858], [24.29155913, 44.83871985], [24.29157206, 44.83896895], [24.29157803, 44.83908403], [24.29174912, 44.83908965], [24.2918441, 44.83909075], [24.29206291, 44.83909325], [24.29256104, 44.83909896], [24.29268045, 44.83910032], [24.29267718, 44.83900167], [24.29297239, 44.83900012], [24.29295175, 44.83895046], [24.29292848, 44.83884759], [24.29294476, 44.83873887], [24.29296405, 44.8386608], [24.29299812, 44.83858449], [24.29309105, 44.83847216], [24.29312998, 44.83841659], [24.29320282, 44.83830178], [24.29321932, 44.83827216], [24.29253661, 44.83805676], [24.29237146, 44.83800465]]], [[[24.2940297, 44.84149514], [24.29320997, 44.84161867], [24.29239023, 44.8417422], [24.29185909, 44.84180702], [24.29188439, 44.8419005], [24.29192403, 44.842047], [24.29309385, 44.8419731], [24.29307381, 44.84189904], [24.2930542, 44.84182661], [24.29411456, 44.84175961], [24.29411609, 44.84172084], [24.29408249, 44.84159042], [24.2940297, 44.84149514]]], [[[24.29350854, 44.84302699], [24.29322389, 44.84299232], [24.29285779, 44.84294809], [24.29276011, 44.84332207], [24.29350854, 44.84302699]]]]}}, {"type": "Feature", "properties": {"tarla": "4", "nr_parcele": 10, "suprafata_totala": 14743}, "geometry": {"type": "MultiPolygon", "coordinates": [[[[24.29065293, 44.83949749], [24.29054166, 44.83949505], [24.29052995, 44.83949478], [24.29018945, 44.83948729], [24.2901297, 44.83951507], [24.29010248, 44.83971651], [24.29008741, 44.83982801], [24.29006558, 44.83998946], [24.29004376, 44.84015091], [24.29000213, 44.84048493], [24.29000753, 44.84048436], [24.28998324, 44.84064765], [24.28996981, 44.84075746], [24.28996391, 44.84080564], [24.28996177, 44.84082161], [24.28991805, 44.8411463], [24.28990198, 44.84129656], [24.2898823, 44.84144813], [24.29000469, 44.84145686], [24.29014424, 44.84146682], [24.29017132, 44.84146867], [24.29039093, 44.84148165], [24.29042259, 44.84120886], [24.29042357, 44.84120055], [24.29042715, 44.84116963], [24.29045966, 44.84101941], [24.29046228, 44.84100726], [24.29049009, 44.84084415], [24.29050562, 44.84076381], [24.29052594, 44.84058394], [24.29053368, 44.84051492], [24.29055663, 44.84032749], [24.29057513, 44.84017646], [24.29056904, 44.84017594], [24.29057579, 44.84012], [24.29057579, 44.84011996], [24.29057681, 44.84011165], [24.29060785, 44.83985446], [24.29064572, 44.83960992], [24.29065156, 44.83957221], [24.29065293, 44.83949749]]], [[[24.29402422, 44.84445218], [24.29392173, 44.84445812], [24.29391382, 44.84445829], [24.29362194, 44.8444646], [24.29359342, 44.84462373], [24.29340545, 44.84457533], [24.29336172, 44.84450331], [24.29317605, 44.8445494], [24.29326538, 44.84507837], [24.29358849, 44.84507025], [24.29405202, 44.84506657], [24.29404387, 44.84487419], [24.29402677, 44.84447043], [24.29402422, 44.84445218]]], [[[24.29594432, 44.84639054], [24.29614374, 44.84636274], [24.29619359, 44.84635141], [24.29611886, 44.8463314], [24.29588756, 44.84625936], [24.2955908, 44.84612235], [24.29552006, 44.84607998], [24.29536397, 44.84590282], [24.29536711, 44.84595976], [24.29537692, 44.84613716], [24.29510384, 44.84616028], [24.29520353, 44.84621944], [24.29538303, 44.84632594], [24.29557801, 44.84639145], [24.29573123, 44.84640782], [24.29594432, 44.84639054]]]]}}, {"type": "Feature", "properties": {"tarla": "6", "nr_parcele": 3, "suprafata_totala": 4257}, "geometry": {"type": "Polygon", "coordinates": [[[24.29121482, 44.83950064], [24.29097119, 44.83950584], [24.29095948, 44.83950609], [24.29087845, 44.83950782], [24.29078454, 44.839503], [24.29076546, 44.83970281], [24.29073547, 44.83988463], [24.29072216, 44.8399641], [24.29069956, 44.84009913], [24.29068577, 44.84018876], [24.29068113, 44.84022985], [24.29066781, 44.84034793], [24.29116478, 44.84035794], [24.29136047, 44.84036188], [24.29133894, 44.84022907], [24.29130815, 44.84003909], [24.29128634, 44.83990448], [24.29131397, 44.83990342], [24.29132184, 44.83968244], [24.29119803, 44.83968282], [24.29121482, 44.83950064]]]}}, {"type": "Feature", "properties": {"tarla": "7", "nr_parcele": 93, "suprafata_totala": 278472}, "geometry": {"type": "MultiPolygon", "coordinates": [[[[24.29039339, 44.83774514], [24.29037945, 44.83783215], [24.29034888, 44.8380295], [24.29031964, 44.83819179], [24.29030766, 44.8382762], [24.29029793, 44.83834486], [24.29028144, 44.83846114], [24.29026874, 44.838552], [24.29026857, 44.83855328], [24.29025113, 44.83868799], [24.29023379, 44.83883146], [24.29023355, 44.83883281], [24.29020822, 44.83897904], [24.29020577, 44.83899323], [24.29019443, 44.83908011], [24.2901941, 44.83908258], [24.29015991, 44.839287], [24.29014823, 44.8394024], [24.29038631, 44.83941461], [24.29056062, 44.83941556], [24.29110601, 44.83942114], [24.2916502, 44.83942013], [24.29171356, 44.83941918], [24.29174912, 44.83908965], [24.29157803, 44.83908403], [24.29157206, 44.83896895], [24.29155913, 44.83871985], [24.29155336, 44.83860858], [24.29185133, 44.83865336], [24.29188679, 44.83855634], [24.29195924, 44.83835811], [24.29198462, 44.83830697], [24.29158534, 44.83820236], [24.29159158, 44.83818734], [24.29169207, 44.83794572], [24.29173606, 44.83783996], [24.2912886, 44.83777938], [24.29129493, 44.83767785], [24.29130362, 44.83753868], [24.2912408, 44.83753091], [24.29123221, 44.83766866], [24.29105748, 44.8376431], [24.29042605, 44.83755069], [24.29042184, 44.83757323], [24.29040262, 44.83767964], [24.29039339, 44.83774514]]], [[[24.29797232, 44.84157069], [24.29799891, 44.84170278], [24.29759881, 44.84176466], [24.29736645, 44.84179581], [24.2972345, 44.84181182], [24.29726249, 44.84201628], [24.29802271, 44.84190464], [24.29803069, 44.84197121], [24.2980422, 44.84206718], [24.29774895, 44.84211123], [24.29768727, 44.84212067], [24.29773777, 44.84223839], [24.29752799, 44.84227139], [24.29638604, 44.8424685], [24.29617365, 44.84249375], [24.29584106, 44.84251266], [24.29548788, 44.84249202], [24.29551374, 44.84261721], [24.2955212, 44.84266017], [24.29552441, 44.84269489], [24.29587492, 44.84270937], [24.29619126, 44.84266654], [24.29655234, 44.84262073], [24.29869168, 44.84229523], [24.29873047, 44.84250019], [24.29879724, 44.84263805], [24.29791421, 44.84274453], [24.2970256, 44.84283078], [24.29633295, 44.84287204], [24.29621267, 44.84287672], [24.29588067, 44.84288962], [24.29569614, 44.84288799], [24.29546111, 44.84287754], [24.29541063, 44.84287345], [24.29534359, 44.84294833], [24.29572955, 44.84296299], [24.29585808, 44.84296787], [24.29639206, 44.8429668], [24.2966048, 44.84295082], [24.2986002, 44.84280088], [24.29861746, 44.84306362], [24.29898217, 44.84305636], [24.2990122, 44.84320268], [24.29925738, 44.84319966], [24.29928625, 44.84319931], [24.29933408, 44.84330369], [24.2976294, 44.84333285], [24.29762952, 44.84345299], [24.29754981, 44.84345106], [24.29750977, 44.84345009], [24.29750901, 44.84348427], [24.29750446, 44.84368819], [24.29762211, 44.84368693], [24.29807099, 44.84368214], [24.29831086, 44.84367958], [24.2983191, 44.84393687], [24.29857594, 44.84394237], [24.2994043, 44.84396013], [24.30117984, 44.84399817], [24.30117689, 44.84401263], [24.30116991, 44.84404726], [24.30116582, 44.84406748], [24.30115493, 44.84412132], [24.30025456, 44.84409586], [24.30025759, 44.84428295], [24.29973299, 44.84427213], [24.29962713, 44.84427044], [24.29899392, 44.84425605], [24.29898407, 44.84425582], [24.29772116, 44.84422921], [24.29692615, 44.84420688], [24.29647164, 44.84419142], [24.29645565, 44.84435237], [24.29962523, 44.8444321], [24.29973084, 44.84443421], [24.30108618, 44.84446144], [24.30107476, 44.84451796], [24.29823559, 44.84445145], [24.29819893, 44.84465542], [24.29911529, 44.84470837], [24.30066429, 44.84482365], [24.30065454, 44.84490558], [24.29911045, 44.84479534], [24.29908983, 44.84489337], [24.29721182, 44.84478408], [24.29702116, 44.84477602], [24.29700232, 44.84495128], [24.29645497, 44.84490808], [24.2961782, 44.84486573], [24.2961558, 44.84493881], [24.29615314, 44.84494751], [24.29614076, 44.84498785], [24.2961701, 44.84509274], [24.2961435, 44.8452091], [24.29645691, 44.84524865], [24.29922927, 44.84554737], [24.299254, 44.84558399], [24.29925771, 44.84560561], [24.29926258, 44.84563415], [24.29926355, 44.84563982], [24.29926461, 44.84564603], [24.2992697, 44.84567586], [24.29927083, 44.8456824], [24.29927341, 44.84569752], [24.29927807, 44.84572481], [24.29928323, 44.84575494], [24.29928523, 44.84576661], [24.29928681, 44.84577582], [24.29929186, 44.84580541], [24.29929781, 44.84584011], [24.29929998, 44.84585427], [24.29930134, 44.84586893], [24.29930508, 44.84590967], [24.29931158, 44.84598045], [24.30129024, 44.84618784], [24.30132843, 44.84612175], [24.3013634, 44.84606122], [24.30137451, 44.84604378], [24.30140211, 44.84600049], [24.30143842, 44.84596331], [24.30151275, 44.84588721], [24.30154642, 44.84585272], [24.30157187, 44.84581943], [24.30159339, 44.84579127], [24.30169016, 44.84566465], [24.30193281, 44.8454205], [24.30208301, 44.84526937], [24.3021038, 44.84523785], [24.30227364, 44.84507104], [24.3024257, 44.844944], [24.30257865, 44.84474322], [24.30260766, 44.84470981], [24.30271505, 44.84457652], [24.3028052, 44.84448232], [24.30284762, 44.84443797], [24.30307759, 44.84417962], [24.30307933, 44.84417773], [24.30320621, 44.84404107], [24.30331246, 44.84392661], [24.30334834, 44.84388796], [24.3035051, 44.84370941], [24.30351965, 44.84369284], [24.30367781, 44.84350543], [24.30370658, 44.84347133], [24.30389428, 44.84327948], [24.30390511, 44.84326627], [24.30396744, 44.84319019], [24.30410622, 44.84304658], [24.30422933, 44.84291927], [24.30430546, 44.84282727], [24.30435255, 44.84277039], [24.30441573, 44.84269403], [24.30442533, 44.84268242], [24.30447403, 44.84262889], [24.30454879, 44.84254668], [24.30457555, 44.84251727], [24.30460088, 44.84248658], [24.30469567, 44.84237175], [24.30474106, 44.84231676], [24.30479311, 44.84225368], [24.30483578, 44.842202], [24.30489205, 44.84213386], [24.3049322, 44.84208521], [24.30495348, 44.84205942], [24.30512899, 44.84187209], [24.3051688, 44.84182959], [24.3052099, 44.84178573], [24.30534441, 44.84162307], [24.30537682, 44.84158389], [24.30541118, 44.84154232], [24.3054249, 44.84152132], [24.3054502, 44.84148256], [24.30548404, 44.84143072], [24.30550844, 44.84139335], [24.30552702, 44.84136487], [24.30561759, 44.84131561], [24.30412484, 44.84102058], [24.30302221, 44.84081749], [24.30293063, 44.84080082], [24.3027661, 44.84076726], [24.30261785, 44.84073701], [24.30250518, 44.84071402], [24.30247084, 44.84070883], [24.30234948, 44.84069044], [24.30231366, 44.84068424], [24.30219458, 44.84066362], [24.30216853, 44.84066063], [24.30190602, 44.8406304], [24.3018982, 44.84063009], [24.30173121, 44.84062338], [24.30162231, 44.840619], [24.30155684, 44.8406187], [24.30102756, 44.84061619], [24.30099446, 44.84054474], [24.30054407, 44.84050316], [24.29983262, 44.84046441], [24.29954863, 44.84047306], [24.29928026, 44.84050841], [24.29937684, 44.84073343], [24.29869653, 44.84086082], [24.298449, 44.84092039], [24.29849499, 44.84100069], [24.29856332, 44.84111999], [24.2985792, 44.84114772], [24.2985427, 44.8411574], [24.29845045, 44.84118184], [24.29821239, 44.84124495], [24.29824799, 44.84131516], [24.29835267, 44.84154714], [24.29805325, 44.84155886], [24.29797232, 44.84157069]]]]}}, {"type": "Feature", "properties": {"tarla": "8", "nr_parcele": 52, "suprafata_totala": 85130}, "geometry": {"type": "MultiPolygon", "coordinates": [[[[24.28803427, 44.83465169], [24.28816684, 44.83497131], [24.28822417, 44.83498517], [24.28825768, 44.83507243], [24.2882862, 44.83512386], [24.28828621, 44.83512391], [24.28829589, 44.83514136], [24.28829661, 44.83518858], [24.2883737, 44.83535576], [24.2885258, 44.83563647], [24.28860936, 44.83576683], [24.2886772, 44.83583229], [24.28876424, 44.83594511], [24.28885947, 44.83606851], [24.2890163, 44.83629244], [24.28906967, 44.83636865], [24.28908426, 44.83638948], [24.28919438, 44.83657493], [24.28927697, 44.83675466], [24.28928615, 44.83683406], [24.28928621, 44.83683473], [24.28929337, 44.83691458], [24.28931055, 44.83700371], [24.28931647, 44.83703448], [24.28932619, 44.83703321], [24.28933837, 44.83707996], [24.28938342, 44.8371775], [24.28938343, 44.83717754], [24.28942112, 44.83725914], [24.28948588, 44.83739937], [24.28955523, 44.83752625], [24.28955982, 44.83753464], [24.28960605, 44.83763472], [24.28970961, 44.83784902], [24.28971012, 44.83785011], [24.28971363, 44.83785755], [24.28971406, 44.83785847], [24.28972899, 44.8378901], [24.28980943, 44.83806059], [24.28985892, 44.8381783], [24.28986449, 44.83817716], [24.289868, 44.83818581], [24.28986254, 44.83818693], [24.28997284, 44.83844926], [24.28998448, 44.8384908], [24.29001637, 44.83849441], [24.29001642, 44.83849442], [24.29001646, 44.83849443], [24.29005104, 44.83849407], [24.29010097, 44.83800531], [24.29014029, 44.83762039], [24.29014634, 44.837621], [24.29016602, 44.83744911], [24.29016926, 44.83742357], [24.29016977, 44.83741954], [24.29017824, 44.83736105], [24.29018776, 44.83729389], [24.29019693, 44.83721761], [24.29021461, 44.83707037], [24.290215, 44.83706713], [24.29022062, 44.83703711], [24.29025155, 44.83681652], [24.29025574, 44.83678663], [24.29027588, 44.83664311], [24.29030535, 44.83640179], [24.29031198, 44.83638746], [24.29034474, 44.83610369], [24.29036307, 44.8359882], [24.29037639, 44.83590427], [24.29039826, 44.83566437], [24.29040391, 44.83562495], [24.29043231, 44.8354274], [24.29044417, 44.8354256], [24.2904545, 44.8353473], [24.29046542, 44.83526448], [24.29050301, 44.83497946], [24.29049231, 44.83497779], [24.29052625, 44.83475793], [24.29052627, 44.83475788], [24.29055928, 44.83454397], [24.28923023, 44.83446079], [24.28917488, 44.83488774], [24.2891219, 44.83488567], [24.28917992, 44.83445765], [24.28923663, 44.83418333], [24.289035, 44.8341671], [24.28881053, 44.83414903], [24.28844475, 44.83411958], [24.28807898, 44.83409013], [24.28806384, 44.83414649], [24.28803243, 44.8343499], [24.28802046, 44.83450548], [24.28803427, 44.83465169]]], [[[24.2877689, 44.83745279], [24.28776883, 44.83745278], [24.28767206, 44.83743929], [24.28765751, 44.83743726], [24.28736292, 44.8373962], [24.28734466, 44.83739364], [24.2872739, 44.83738379], [24.28725305, 44.83745552], [24.2872253, 44.83755101], [24.28715251, 44.83790026], [24.28710427, 44.83822003], [24.2876174, 44.83826774], [24.28755727, 44.83853139], [24.28754873, 44.83859789], [24.28752893, 44.83859657], [24.28752903, 44.83858835], [24.28752902, 44.83858828], [24.28752904, 44.83858761], [24.28751638, 44.83858753], [24.28751628, 44.83859653], [24.28752893, 44.83859661], [24.28754873, 44.83859793], [24.28752709, 44.8387713], [24.28751768, 44.83884673], [24.28750945, 44.83891272], [24.28748888, 44.83910709], [24.28743183, 44.83910343], [24.28743195, 44.83909446], [24.28741929, 44.83909438], [24.28741919, 44.83910338], [24.28743183, 44.83910346], [24.28748887, 44.83910712], [24.28747226, 44.83926382], [24.28760117, 44.83926637], [24.28769405, 44.83926779], [24.28790428, 44.83928063], [24.28792669, 44.83928147], [24.28798239, 44.83928353], [24.28810501, 44.83928806], [24.28828969, 44.83929525], [24.28834776, 44.8392975], [24.2883969, 44.83929909], [24.28844169, 44.83930053], [24.28850417, 44.83930254], [24.2886107, 44.83930714], [24.2888184, 44.83931437], [24.28883935, 44.83931549], [24.28890403, 44.8393165], [24.28890965, 44.83932276], [24.28892749, 44.83932482], [24.28908439, 44.83933155], [24.28929857, 44.83934202], [24.28957927, 44.83935363], [24.28957986, 44.83934658], [24.28960238, 44.83916099], [24.289609, 44.83910643], [24.28965105, 44.83883468], [24.28967199, 44.83869934], [24.28977129, 44.83870922], [24.28977118, 44.83871818], [24.28978383, 44.83871826], [24.28978395, 44.83870926], [24.2897713, 44.83870918], [24.289672, 44.83869927], [24.28976982, 44.83814962], [24.2896532, 44.8379525], [24.2895663, 44.83775753], [24.28950844, 44.83768725], [24.28942983, 44.837493], [24.28938523, 44.83764107], [24.2893101, 44.83787378], [24.28929405, 44.83791838], [24.28928722, 44.83793927], [24.2891733, 44.83828807], [24.2891112, 44.83848302], [24.28895337, 44.83845315], [24.28890789, 44.83844558], [24.28889254, 44.83844302], [24.28881813, 44.83868511], [24.2887522, 44.83889117], [24.28848925, 44.83884057], [24.28847473, 44.83889455], [24.28819673, 44.83884966], [24.28820734, 44.83879352], [24.28823878, 44.8386242], [24.2882407, 44.83861382], [24.28825318, 44.83861494], [24.28825477, 44.83860607], [24.28838907, 44.838607], [24.28839017, 44.838607], [24.28839005, 44.83861596], [24.2884027, 44.83861604], [24.28840281, 44.83860704], [24.28839017, 44.83860696], [24.28838909, 44.83860695], [24.28825479, 44.83860602], [24.28824225, 44.83860488], [24.28824066, 44.83861377], [24.28824064, 44.83861381], [24.28819667, 44.83884965], [24.28819167, 44.83887355], [24.28797072, 44.83884406], [24.2877644, 44.83883582], [24.28777225, 44.83878315], [24.2878087, 44.8385383], [24.287865, 44.83813454], [24.28771356, 44.83812102], [24.28776179, 44.83796707], [24.2877618, 44.83796704], [24.2878184, 44.8377867], [24.28778916, 44.83778292], [24.28767759, 44.8377685], [24.28769379, 44.83770952], [24.28774111, 44.83754815], [24.2877689, 44.83745279]]], [[[24.28736942, 44.83857152], [24.28736931, 44.83858048], [24.28738197, 44.83858056], [24.28738207, 44.83857156], [24.28736942, 44.83857148], [24.28725375, 44.83856754], [24.28736942, 44.83857152]]], [[[24.28560294, 44.83830969], [24.28550811, 44.83858391], [24.28531611, 44.8391849], [24.28530439, 44.83922063], [24.28572475, 44.83922309], [24.28580497, 44.83922542], [24.28629966, 44.83921909], [24.28679336, 44.83923201], [24.28691646, 44.83924081], [24.28689628, 44.83903413], [24.28691117, 44.83893584], [24.28703591, 44.83815032], [24.28594259, 44.83814365], [24.285941, 44.83814362], [24.28565923, 44.83813797], [24.28560294, 44.83830969]]], [[[24.28717215, 44.83902385], [24.28725375, 44.83856755], [24.28725375, 44.83856754], [24.28726407, 44.8385098], [24.2870627, 44.83849547], [24.2869886, 44.83892661], [24.28697212, 44.83903629], [24.28698242, 44.83923862], [24.28706249, 44.83926855], [24.28719982, 44.83927088], [24.28719842, 44.83921198], [24.28716668, 44.83905441], [24.28717199, 44.83902478], [24.28717215, 44.83902385]]], [[[24.28913125, 44.83667574], [24.28908771, 44.83655215], [24.28892609, 44.83651862], [24.28854054, 44.83644364], [24.28844741, 44.83664148], [24.28880562, 44.83679243], [24.28900032, 44.83687446], [24.2891596, 44.83691567], [24.28919625, 44.83684926], [24.28919996, 44.83682691], [24.28919825, 44.83681744], [24.28919663, 44.83680852], [24.28918603, 44.83674978], [24.28916042, 44.83671939], [24.28913125, 44.83667574]]], [[[24.28994579, 44.83871099], [24.28993315, 44.83871092], [24.28993281, 44.83873816], [24.28994546, 44.83873848], [24.28994579, 44.83871103], [24.28999359, 44.83870181], [24.28999359, 44.83870174], [24.28994579, 44.83871099]]], [[[24.28995794, 44.83877937], [24.28994529, 44.83877929], [24.28994518, 44.83878829], [24.28995783, 44.83878836], [24.2899859, 44.83878973], [24.2899859, 44.83878969], [24.28995782, 44.83878834], [24.28995794, 44.83877937]]], [[[24.28990817, 44.83935208], [24.28990934, 44.83934331], [24.28989563, 44.839343], [24.28989551, 44.83935202], [24.28990817, 44.83935208]]]]}}, {"type": "Feature", "properties": {"tarla": "9", "nr_parcele": 14, "suprafata_totala": 40112}, "geometry": {"type": "MultiPolygon", "coordinates": [[[[24.2920413, 44.83482629], [24.29201238, 44.83515274], [24.29197756, 44.83515147], [24.29194576, 44.83559485], [24.29188897, 44.83559172], [24.29175026, 44.83558407], [24.29171872, 44.83558232], [24.29162429, 44.83551454], [24.29131374, 44.83548442], [24.29125059, 44.83548235], [24.29124314, 44.8354821], [24.29124355, 44.83551963], [24.29124477, 44.83566867], [24.29123702, 44.83580657], [24.2912308, 44.83591728], [24.29122191, 44.83620976], [24.29120501, 44.83645887], [24.29120403, 44.83652047], [24.29119087, 44.83665386], [24.291191, 44.83667074], [24.29119176, 44.83677874], [24.29119013, 44.83690024], [24.29118809, 44.83705], [24.29118581, 44.83707902], [24.29118114, 44.83741855], [24.291238, 44.83742391], [24.29159806, 44.83745704], [24.29182859, 44.83747824], [24.29192524, 44.83747314], [24.2919789, 44.83747032], [24.29205505, 44.83746629], [24.29234439, 44.83739734], [24.29254959, 44.83737112], [24.2925798, 44.83738826], [24.29269646, 44.83736625], [24.29269352, 44.83719346], [24.29272319, 44.83683227], [24.29275416, 44.83667747], [24.29282449, 44.8363261], [24.29335394, 44.83634167], [24.29336476, 44.83611999], [24.29344857, 44.83612523], [24.29370967, 44.83614154], [24.29380248, 44.83614715], [24.29401631, 44.83616009], [24.29406114, 44.83618953], [24.29419227, 44.83619567], [24.29419315, 44.83618961], [24.29423418, 44.83590567], [24.29414947, 44.83589105], [24.29386319, 44.83584161], [24.29396205, 44.83553526], [24.29411547, 44.83524696], [24.29400872, 44.83522387], [24.29398782, 44.8352474], [24.2936007, 44.83530095], [24.29350912, 44.83530625], [24.29336874, 44.8353108], [24.29304521, 44.8353203], [24.29289968, 44.83532446], [24.29274466, 44.83532888], [24.29261644, 44.83533254], [24.2924082, 44.83533848], [24.2923682, 44.83489833], [24.29229698, 44.83488264], [24.2920413, 44.83482629]], [[24.29152867, 44.83651262], [24.29163493, 44.83651593], [24.29162506, 44.83707892], [24.29124299, 44.83706765], [24.29124868, 44.83677881], [24.2912481, 44.83665369], [24.29126169, 44.83645799], [24.29153049, 44.83646707], [24.29152867, 44.83651262]]], [[[24.29331225, 44.83527215], [24.29331565, 44.83517865], [24.29332536, 44.83491097], [24.29316552, 44.83490784], [24.2929337, 44.83491635], [24.29292956, 44.8349165], [24.2928703, 44.83491868], [24.29283761, 44.83491908], [24.29271679, 44.8349206], [24.29264304, 44.8349084], [24.2924807, 44.83488152], [24.29242201, 44.8348681], [24.29246138, 44.83529644], [24.29269528, 44.83528976], [24.29291065, 44.83528361], [24.29331225, 44.83527215]]]]}}, {"type": "Feature", "properties": {"tarla": "10", "nr_parcele": 4, "suprafata_totala": 9387}, "geometry": {"type": "MultiPolygon", "coordinates": [[[[24.29123221, 44.83766866], [24.2912408, 44.83753091], [24.29108685, 44.83750976], [24.29045005, 44.83742225], [24.29042605, 44.83755069], [24.29105748, 44.8376431], [24.29123221, 44.83766866]]], [[[24.29351469, 44.83752668], [24.29340723, 44.83748203], [24.29331376, 44.83747007], [24.29315627, 44.83745151], [24.29303126, 44.83743725], [24.29282425, 44.83744033], [24.29278001, 44.83744895], [24.2924168, 44.8375197], [24.2922002, 44.83757239], [24.29208364, 44.8375902], [24.29171049, 44.83757617], [24.29130362, 44.83753868], [24.29129493, 44.83767785], [24.29217614, 44.83778133], [24.29210372, 44.83792018], [24.29237146, 44.83800465], [24.29253661, 44.83805676], [24.29321932, 44.83827216], [24.29333217, 44.83806709], [24.29342502, 44.83788055], [24.29343479, 44.83786585], [24.29343482, 44.83786582], [24.29346673, 44.8378179], [24.29352796, 44.83772157], [24.29354701, 44.83768501], [24.29356597, 44.8376455], [24.29360479, 44.83756459], [24.2935651, 44.83754953], [24.29351469, 44.83752668]]]]}}, {"type": "Feature", "properties": {"tarla": "11", "nr_parcele": 116, "suprafata_totala": 288266}, "geometry": {"type": "MultiPolygon", "coordinates": [[[[24.28551623, 44.83064834], [24.28558612, 44.83066505], [24.28559693, 44.83065149], [24.28565748, 44.83052959], [24.2845191, 44.83026114], [24.28434107, 44.83021915], [24.28377725, 44.83008618], [24.28370512, 44.83021517], [24.28427018, 44.83035032], [24.28551623, 44.83064834]]], [[[24.2826878, 44.83208455], [24.28268779, 44.8320846], [24.28263041, 44.83218464], [24.2825507, 44.83231964], [24.28254841, 44.83232353], [24.28248958, 44.83242029], [24.28243885, 44.83250378], [24.28237848, 44.83260309], [24.28228838, 44.83275141], [24.28220538, 44.8328894], [24.28214184, 44.83298547], [24.28214126, 44.83298635], [24.28207773, 44.8330798], [24.28209142, 44.83308408], [24.28208974, 44.83308727], [24.28207959, 44.83310662], [24.28206328, 44.83310237], [24.28202784, 44.83314192], [24.2820092, 44.83316272], [24.28199392, 44.83317977], [24.2819127, 44.83328323], [24.28183795, 44.83337844], [24.28181018, 44.83341381], [24.28176143, 44.83347272], [24.28166334, 44.83359131], [24.28164517, 44.83361329], [24.28159752, 44.83369069], [24.28161122, 44.83372752], [24.28165189, 44.8337848], [24.28172342, 44.83382709], [24.28188224, 44.83392003], [24.28210238, 44.83405107], [24.28223844, 44.83412306], [24.28246006, 44.83422957], [24.28270538, 44.83432471], [24.2828673, 44.8343773], [24.28313005, 44.83447657], [24.28334096, 44.83455807], [24.28347311, 44.83460116], [24.28360977, 44.83463082], [24.28374792, 44.83467407], [24.28387833, 44.8347198], [24.28420858, 44.83421565], [24.28422035, 44.83419768], [24.28430259, 44.83407211], [24.28436684, 44.83397402], [24.28443136, 44.83387551], [24.2845012, 44.83376888], [24.2845657, 44.83367038], [24.28463043, 44.83357155], [24.28469402, 44.83347446], [24.28473928, 44.83340537], [24.28549893, 44.83356815], [24.28625841, 44.8337427], [24.2869934, 44.83389535], [24.28750686, 44.8339734], [24.2878361, 44.83402344], [24.28799035, 44.83403537], [24.28799828, 44.83399734], [24.28800805, 44.83395052], [24.2880129, 44.83387161], [24.28801888, 44.83380978], [24.28802413, 44.83375563], [24.28802855, 44.83370982], [24.28803278, 44.83369256], [24.28804563, 44.83364024], [24.28806108, 44.83357731], [24.2881003, 44.83348075], [24.28811377, 44.83344365], [24.28811694, 44.83343493], [24.28814989, 44.83334424], [24.28823142, 44.83311679], [24.28781081, 44.83304496], [24.28778754, 44.83308074], [24.28763366, 44.83305497], [24.28720068, 44.83298243], [24.28664903, 44.83289756], [24.28604641, 44.83279477], [24.28467399, 44.83254637], [24.28463024, 44.83256599], [24.28460345, 44.83262825], [24.28455824, 44.8327334], [24.28455821, 44.83273345], [24.28450968, 44.83284628], [24.28448807, 44.83289652], [24.28446637, 44.83294699], [24.28444078, 44.83300652], [24.28441898, 44.83305721], [24.2844011, 44.83309879], [24.28437038, 44.83317017], [24.28434297, 44.83323391], [24.28430641, 44.8332267], [24.28436082, 44.83310014], [24.28440552, 44.83299622], [24.28444304, 44.83290898], [24.28448638, 44.83280822], [24.28454804, 44.83266485], [24.284548030972214, 44.83266484773946], [24.28460256, 44.83253806], [24.28479536, 44.83212491], [24.28494156, 44.83179727], [24.28512904, 44.83140029], [24.28523612, 44.83117355], [24.28538168, 44.83093022], [24.28547555, 44.83077393], [24.28541666, 44.83076279], [24.28420733, 44.8304666], [24.28364739, 44.83032946], [24.28330704, 44.83095924], [24.28325178, 44.83106149], [24.28325175, 44.83106153], [24.28296905, 44.83158467], [24.28296451, 44.83159307], [24.28286375, 44.8317728], [24.28286373, 44.83177285], [24.28274767, 44.83197986], [24.28274765, 44.83197991], [24.28274024, 44.83199313], [24.2826878, 44.83208455]], [[24.28304313, 44.832288], [24.28320128, 44.83232761], [24.28263041, 44.83218464], [24.28304313, 44.832288]], [[24.28341599, 44.83238137], [24.28363024124634, 44.83243502721563], [24.28330106167946, 44.832352596569926], [24.28341599, 44.83238137]], [[24.28401541, 44.83253148], [24.284025445086673, 44.83253399320217], [24.28399548, 44.83252649], [24.28401541, 44.83253148]], [[24.28375415, 44.83162406], [24.2837593, 44.83162409], [24.283760886236195, 44.83162410267299], [24.28375415, 44.83162406]], [[24.28336711, 44.83109427], [24.28336701, 44.83110205], [24.28336711, 44.8310931], [24.28336711, 44.83109427]]], [[[24.28350846, 44.83803171], [24.28320695, 44.83850825], [24.28315691, 44.8385885], [24.28295861, 44.83890653], [24.28284466, 44.83913835], [24.28282681, 44.83917462], [24.28321144, 44.83916873], [24.28530439, 44.83922063], [24.28531611, 44.8391849], [24.28550811, 44.83858391], [24.28560294, 44.83830969], [24.28565923, 44.83813797], [24.28593847, 44.83770889], [24.28599163, 44.83771596], [24.28618848, 44.83774877], [24.28641709, 44.83778687], [24.28667847, 44.83783042], [24.28672745, 44.83783859], [24.28677247, 44.83765822], [24.28689428, 44.83767174], [24.28692996, 44.8376757], [24.28711306, 44.83769601], [24.28715757, 44.83754774], [24.2872253, 44.83755101], [24.28725305, 44.83745552], [24.2872739, 44.83738379], [24.28734466, 44.83739364], [24.28736292, 44.8373962], [24.28765751, 44.83743726], [24.28767206, 44.83743929], [24.28779681, 44.837015], [24.28792093, 44.83659062], [24.28763276, 44.83647604], [24.28731841, 44.83635106], [24.28718159, 44.83629667], [24.28718155, 44.83629664], [24.28713383, 44.83627767], [24.28705139, 44.8362449], [24.28688534, 44.83617888], [24.28682535, 44.83615502], [24.28675117, 44.83612553], [24.28660199, 44.83606621], [24.28646944, 44.83601351], [24.28632677, 44.83595678], [24.2861864, 44.83590097], [24.28611743, 44.83587354], [24.28604822, 44.83584603], [24.2859134, 44.83579241], [24.28585241, 44.83576817], [24.28583472, 44.83576144], [24.28572715, 44.83572058], [24.28562077, 44.83568015], [24.2855155, 44.83564016], [24.28545064, 44.83561552], [24.28538622, 44.83559105], [24.28532161, 44.8355665], [24.28525786, 44.83554228], [24.2851954, 44.83551855], [24.28510671, 44.83548484], [24.2847876, 44.83601055], [24.28447489, 44.83648397], [24.28415722, 44.83701131], [24.28388139, 44.83743028], [24.28369091, 44.83773405], [24.28350846, 44.83803171]]], [[[24.28421963, 44.83430532], [24.2841561, 44.83440229], [24.28413307, 44.83443745], [24.28407591, 44.83452475], [24.28407055, 44.83453293], [24.28401397, 44.83461931], [24.28400868, 44.83462738], [24.28393849, 44.83473454], [24.28402123, 44.83477176], [24.28424486, 44.83488434], [24.28436075, 44.83495398], [24.2843698, 44.83496387], [24.28445497, 44.83505696], [24.28459047, 44.83514478], [24.28486608, 44.8352928], [24.28566551, 44.83558775], [24.28645976, 44.83590009], [24.28662564, 44.83596443], [24.28677973, 44.83602421], [24.28678805, 44.83602744], [24.28698227, 44.83610277], [24.2870304, 44.83612145], [24.28730266, 44.8362151], [24.28750204, 44.83628369], [24.2877941, 44.83637824], [24.28803951, 44.83647713], [24.28844741, 44.83664148], [24.28854054, 44.83644364], [24.28892609, 44.83651862], [24.28908771, 44.83655215], [24.28905525, 44.83650902], [24.28905523, 44.83650898], [24.28898573, 44.83641028], [24.28884145, 44.83616694], [24.28864257, 44.83589578], [24.28860325, 44.83585591], [24.28859696, 44.83585903], [24.2885897, 44.83585167], [24.28859599, 44.83584853], [24.28848014, 44.83573109], [24.28846185, 44.83569881], [24.2883899, 44.8355719], [24.2883624, 44.83553361], [24.28836236, 44.83553357], [24.28830999, 44.83546068], [24.28830038, 44.8354473], [24.288259, 44.83536625], [24.28813361, 44.83512067], [24.28798393, 44.83479864], [24.28792987, 44.83461286], [24.2879145, 44.83449239], [24.28791144, 44.83446833], [24.28791533, 44.83444161], [24.28792251, 44.83439259], [24.28792945, 44.83434507], [24.28794092, 44.83426657], [24.28794622, 44.83423031], [24.28795233, 44.83420746], [24.28796546, 44.83415856], [24.28797154, 44.83413587], [24.28798294, 44.83408007], [24.28782605, 44.83406793], [24.28750063, 44.83401846], [24.28697792, 44.83393901], [24.28623982, 44.83378571], [24.28613234, 44.83376102], [24.28548009, 44.8336111], [24.28477348, 44.8334597], [24.28469088, 44.83358579], [24.28462258, 44.83369008], [24.28456205, 44.83378248], [24.28453331, 44.83382637], [24.28450367, 44.83387162], [24.2844736, 44.83391752], [24.28439894, 44.83403152], [24.28431894, 44.83415367], [24.28427747, 44.83421699], [24.28424657, 44.83426415], [24.28421963, 44.83430532]]], [[[24.28797655, 44.83741552], [24.28797643, 44.83742449], [24.28798909, 44.83742456], [24.28798921, 44.83741556], [24.28797655, 44.83741549], [24.28776883, 44.83745278], [24.2877689, 44.83745279], [24.28797655, 44.83741552]]], [[[24.29357403, 44.8377857], [24.29353931, 44.83782448], [24.29352557, 44.83785119], [24.29351146, 44.83787169], [24.29345112, 44.83799631], [24.29337685, 44.83817176], [24.29330836, 44.83829014], [24.29323858, 44.83838629], [24.29314009, 44.83851534], [24.29306624, 44.83859162], [24.29302415, 44.83864791], [24.29300846, 44.83869276], [24.29300205, 44.83885021], [24.29301309, 44.83890627], [24.29305827, 44.83902609], [24.29307163, 44.83908993], [24.29314661, 44.83919781], [24.29319432, 44.83926785], [24.29324305, 44.83931906], [24.29324964, 44.83932597], [24.29328545, 44.8393636], [24.29345954, 44.83950306], [24.29346154, 44.83950341], [24.29347293, 44.83950535], [24.29355232, 44.83951894], [24.29361687, 44.83956781], [24.29376973, 44.83974524], [24.29383587, 44.83982203], [24.29391629, 44.83988464], [24.29403752, 44.83991234], [24.29417446, 44.83993049], [24.29423388, 44.83993414], [24.29428692, 44.83992735], [24.29441952, 44.83988842], [24.29443234, 44.83987532], [24.29460835, 44.83972481], [24.29483428, 44.83940651], [24.29512397, 44.83901687], [24.29516028, 44.83894186], [24.29516879, 44.83885468], [24.29516795, 44.83861564], [24.29515051, 44.83852788], [24.29509113, 44.83848786], [24.29497024, 44.83847447], [24.29480828, 44.83846811], [24.29462867, 44.83842944], [24.29421762, 44.8382655], [24.29422572, 44.83825693], [24.29418423, 44.83823359], [24.29417194, 44.83824011], [24.29412788, 44.83821622], [24.29413738, 44.8381992], [24.29413304, 44.83819626], [24.294133, 44.83819623], [24.2940348, 44.83812957], [24.29407621, 44.83810968], [24.29407438, 44.83810359], [24.29400624, 44.83802412], [24.29390952, 44.8378915], [24.29389984, 44.83789669], [24.29387831, 44.83786165], [24.29387828, 44.8378616], [24.29388631, 44.83784741], [24.29385488, 44.83779786], [24.29372163, 44.8376437], [24.29365434, 44.83761211], [24.29357403, 44.8377857]]], [[[24.28838552, 44.83796978], [24.2883854, 44.83797874], [24.28818215, 44.83797492], [24.28818214, 44.83797497], [24.2883854, 44.83797878], [24.28839805, 44.83797886], [24.28839816, 44.83796986], [24.28838552, 44.83796978]]]]}}, {"type": "Feature", "properties": {"tarla": "13", "nr_parcele": 7, "suprafata_totala": 6966}, "geometry": {"type": "MultiPolygon", "coordinates": [[[[24.29318345, 44.83956619], [24.29314894, 44.83956714], [24.29311935, 44.83957762], [24.2930973, 44.83958272], [24.29301311, 44.83959884], [24.29299219, 44.83960124], [24.29296369, 44.8396037], [24.29294999, 44.83960411], [24.29298671, 44.83981007], [24.29305152, 44.83980471], [24.29316218, 44.83979658], [24.29316289, 44.83978674], [24.29323579, 44.83978083], [24.29335222, 44.83977138], [24.29335174, 44.83972473], [24.29337822, 44.83972136], [24.29348943, 44.83971315], [24.29356039, 44.83970744], [24.2935965, 44.83970139], [24.29346269, 44.83958462], [24.29337564, 44.83951031], [24.29331333, 44.83952334], [24.29319382, 44.83955211], [24.29318345, 44.83956619]]], [[[24.29339653, 44.83993772], [24.29335676, 44.83994988], [24.2933167, 44.84016567], [24.29333166, 44.84034209], [24.2933318, 44.84034376], [24.29356038, 44.84034613], [24.29356364, 44.84034344], [24.29365423, 44.84026873], [24.29386051, 44.84030732], [24.29376402, 44.84055858], [24.29367883, 44.8405478], [24.29358123, 44.8405353], [24.29352783, 44.84075982], [24.29351356, 44.8408064], [24.29344795, 44.84081879], [24.29337885, 44.84079654], [24.29336417, 44.84079181], [24.29337593, 44.84089867], [24.29338129, 44.84094737], [24.29338468, 44.84099121], [24.2935989, 44.84098204], [24.29396581, 44.84096634], [24.29395323, 44.84085735], [24.29395044, 44.84078566], [24.29400317, 44.84066669], [24.29403989, 44.84061796], [24.29411228, 44.84052188], [24.29419986, 44.84042424], [24.29423222, 44.8403926], [24.29423226, 44.84039256], [24.29428801, 44.84033805], [24.29436406, 44.84024335], [24.29438404, 44.84020356], [24.29438847, 44.84017625], [24.29438594, 44.84014863], [24.29437452, 44.84011323], [24.2943498, 44.84007443], [24.29434792, 44.8400715], [24.2943441, 44.84006722], [24.29432331, 44.84004394], [24.29429628, 44.84003313], [24.29420448, 44.84000738], [24.29416608, 44.83998654], [24.29413802, 44.83997636], [24.29402316, 44.83996914], [24.29395506, 44.83996487], [24.29387179, 44.83996016], [24.29386901, 44.83996009], [24.29386896, 44.83996009], [24.29378288, 44.83995791], [24.29376174, 44.83993967], [24.29372107, 44.83989716], [24.29364346, 44.83990686], [24.29339653, 44.83993772]]]]}}, {"type": "Feature", "properties": {"tarla": "14", "nr_parcele": 282, "suprafata_totala": 768332}, "geometry": {"type": "MultiPolygon", "coordinates": [[[[24.29799186, 44.8317594], [24.29799311, 44.83178521], [24.29799767, 44.83187945], [24.29798581, 44.83216495], [24.29799577, 44.83243101], [24.29798685, 44.83264016], [24.29798574, 44.83266624], [24.29796855, 44.83274556], [24.29795433, 44.83281111], [24.297943, 44.83286337], [24.29792747, 44.832935], [24.29792187, 44.83296085], [24.29790797, 44.83306667], [24.29787839, 44.83329183], [24.29786837, 44.83336798], [24.29786061, 44.8334019], [24.29783534, 44.83351231], [24.29783301, 44.83352254], [24.29777324, 44.83365993], [24.29770108, 44.83382582], [24.29763771, 44.83403932], [24.29754998, 44.83441193], [24.29768424, 44.83440541], [24.29783612, 44.834403], [24.29812786, 44.8344028], [24.2983173, 44.83440336], [24.29837617, 44.83440632], [24.29837627, 44.83440632], [24.29845982, 44.83441051], [24.29858079, 44.83441864], [24.29885432, 44.83444074], [24.29916786, 44.83448518], [24.29934735, 44.8345219], [24.29964129, 44.8345943], [24.29982787, 44.83465252], [24.29997708, 44.83470691], [24.30012672, 44.83475816], [24.30033849, 44.83486601], [24.30034118, 44.83486754], [24.30049553, 44.83495569], [24.30053686, 44.83497929], [24.30074078, 44.83509576], [24.3012159, 44.83537732], [24.3016533, 44.83561885], [24.30176012, 44.83542833], [24.30176661, 44.83541676], [24.3018255, 44.83531172], [24.3018405, 44.83521315], [24.3018575, 44.83510151], [24.30186478, 44.83498212], [24.30187913, 44.83474657], [24.30188489, 44.8346521], [24.30194796, 44.83440831], [24.30194974, 44.83440143], [24.30199647, 44.83425876], [24.30204544, 44.83410924], [24.30208638, 44.83398428], [24.30211893, 44.83388489], [24.30215132, 44.83378599], [24.30215578, 44.8337724], [24.30216041, 44.83373413], [24.30216677, 44.83368144], [24.30218194, 44.83355599], [24.30218777, 44.83350772], [24.30218943, 44.83350198], [24.30225022, 44.83329058], [24.30226462, 44.83324048], [24.30226582, 44.83323759], [24.30228765, 44.83318509], [24.30231074, 44.83312958], [24.30237533, 44.83297424], [24.30239905, 44.83291717], [24.30244339, 44.83281053], [24.30248732, 44.83270485], [24.3025092, 44.83265223], [24.30254222, 44.83257278], [24.30255435, 44.83254364], [24.30257585, 44.83249191], [24.30261874, 44.83238876], [24.30266125, 44.8322865], [24.30268238, 44.8322357], [24.30270338, 44.83218518], [24.30274507, 44.83208488], [24.30275414, 44.83206306], [24.30280629, 44.83193764], [24.3028908, 44.83173438], [24.30295785, 44.83157309], [24.30302244, 44.83141775], [24.30312124, 44.83118007], [24.30131053, 44.83080576], [24.30126016, 44.83079534], [24.30091613, 44.83072079], [24.30079086, 44.83069363], [24.30064047, 44.83066104], [24.30027837, 44.8305876], [24.30002867, 44.83053695], [24.29994012, 44.83051899], [24.29981255, 44.83049312], [24.29975465, 44.83048138], [24.29961047, 44.83045213], [24.29949086, 44.83042787], [24.29937177, 44.83040371], [24.29920586, 44.83037006], [24.29913505, 44.8303557], [24.29861782, 44.83025078], [24.29855415, 44.83023787], [24.29852532, 44.8302376], [24.29846766, 44.83023707], [24.29843413, 44.83023876], [24.29838398, 44.8302413], [24.29829972, 44.83033068], [24.29821425, 44.83039558], [24.29799892, 44.83055905], [24.29791598, 44.83064292], [24.29786238, 44.83072255], [24.29783546, 44.83080017], [24.2978169, 44.83096589], [24.29782448, 44.83112797], [24.29792586, 44.83142361], [24.29799186, 44.8317594]]], [[[24.29743757, 44.83485717], [24.29739837, 44.83498559], [24.29735106, 44.83513033], [24.29810511, 44.83528407], [24.29878678, 44.83542422], [24.29879153, 44.8354167], [24.29894583, 44.8355543], [24.29914844, 44.835735], [24.29921396, 44.83579343], [24.29925746, 44.83583221], [24.29929772, 44.83591974], [24.29935114, 44.83603584], [24.29939282, 44.83617846], [24.29943584, 44.83632567], [24.29948031, 44.83647781], [24.29950313, 44.83655588], [24.29952525, 44.83663155], [24.29960162, 44.83689281], [24.29968859, 44.83719036], [24.2997734, 44.83748052], [24.29981703, 44.83762982], [24.29983476, 44.8376905], [24.29985721, 44.83776723], [24.29986289, 44.83778669], [24.2998917, 44.83785508], [24.29995968, 44.83801642], [24.30000147, 44.83811599], [24.30003764, 44.83820357], [24.30008053, 44.83830738], [24.30009214, 44.83833549], [24.30010383, 44.83836378], [24.30011558, 44.83839224], [24.30012741, 44.83842091], [24.30013933, 44.83844977], [24.30015737, 44.83849344], [24.30019412, 44.83858216], [24.30031868, 44.83887179], [24.30038742, 44.83903161], [24.30040332, 44.83906605], [24.30041985, 44.83910184], [24.30044317, 44.83915231], [24.30050459, 44.83928533], [24.3005779, 44.83944408], [24.30058765, 44.83946516], [24.30069858, 44.83970539], [24.30083835, 44.84000803], [24.30085265, 44.84003899], [24.30089118, 44.84012243], [24.30091409, 44.8402392], [24.30092576, 44.84029797], [24.30094876, 44.84040961], [24.30215889, 44.84050412], [24.302731, 44.84059787], [24.30278517, 44.84044974], [24.30281001, 44.84038146], [24.30289383, 44.84015041], [24.30300095, 44.83985502], [24.30308355, 44.83962727], [24.30313614, 44.83948223], [24.30314313, 44.83945674], [24.30317785, 44.83932997], [24.30319103, 44.83928186], [24.30320038, 44.83924776], [24.30325117, 44.8390623], [24.30332695, 44.83878569], [24.3033356, 44.83875406], [24.30335532, 44.8387012], [24.30337079, 44.83865971], [24.303381, 44.83863228], [24.30339117, 44.83860505], [24.30340124, 44.83857799], [24.30341126, 44.83855111], [24.30342122, 44.83852441], [24.30345799, 44.83842578], [24.30348901, 44.83834256], [24.30352426, 44.838248], [24.30358138, 44.83809478], [24.30361255, 44.83801121], [24.30363995, 44.8379377], [24.30366162, 44.83787958], [24.3036715, 44.83785305], [24.30369828, 44.83773551], [24.3037622, 44.83745502], [24.30386359, 44.83701005], [24.30326848, 44.83662375], [24.30318651, 44.8365773], [24.30270036, 44.8363018], [24.30237609, 44.83611804], [24.30171149, 44.83574926], [24.30091433, 44.8352885], [24.3004664, 44.83502874], [24.30004918, 44.83484565], [24.2999649, 44.83481317], [24.29983514, 44.83476316], [24.29975339, 44.83473165], [24.29952185, 44.83464239], [24.29949875, 44.83463723], [24.2993112, 44.83459533], [24.29889132, 44.83450151], [24.29835035, 44.8344769], [24.29802168, 44.83446195], [24.29773703, 44.83447292], [24.29764841, 44.83451868], [24.29752714, 44.83458129], [24.29751167, 44.83462893], [24.29743757, 44.83485717]]], [[[24.29782521, 44.83596232], [24.29784388, 44.83606629], [24.29923019, 44.83588918], [24.29921192, 44.8358498], [24.29907821, 44.83572957], [24.29782521, 44.83596232]]], [[[24.2972433, 44.83868548], [24.29879234, 44.8385494], [24.2988455, 44.83880984], [24.29884687, 44.83884492], [24.29885133, 44.83895967], [24.29885473, 44.83904705], [24.29789342, 44.83913397], [24.29790299, 44.83913942], [24.29788098, 44.83945181], [24.29790879, 44.83945653], [24.29785977, 44.83965328], [24.29789383, 44.83965919], [24.29804108, 44.83967756], [24.30074913, 44.83993017], [24.3006602, 44.8397376], [24.30052236, 44.83943914], [24.30035656, 44.83908011], [24.30033915, 44.8390424], [24.30030667, 44.83896648], [24.30027966, 44.8389041], [24.30017509, 44.83866098], [24.3001435, 44.83858751], [24.29994485, 44.83810595], [24.29991192, 44.83802841], [24.29981381, 44.83779554], [24.29972413, 44.83748877], [24.29968331, 44.83734913], [24.29844202, 44.83777734], [24.29853329, 44.83790028], [24.29952471, 44.83755768], [24.29958277, 44.8376895], [24.29961963, 44.83777323], [24.29746735, 44.83848657], [24.29718488, 44.83856306], [24.29719756, 44.83861108], [24.29720964, 44.83865073], [24.29722122, 44.83868877], [24.2972433, 44.83868548]]], [[[24.29444199, 44.84007598], [24.29445946, 44.8401521], [24.29444857, 44.84019659], [24.29441749, 44.84027038], [24.29430998, 44.840394], [24.29428369, 44.84042705], [24.29413366, 44.84061791], [24.29404728, 44.84075082], [24.29404725, 44.84075086], [24.2940444, 44.84075964], [24.29403264, 44.8407959], [24.29408554, 44.84091522], [24.29418603, 44.84114195], [24.29418053, 44.84116728], [24.29418051, 44.84116732], [24.29416336, 44.84124635], [24.2941101, 44.84141648], [24.29413553, 44.84146247], [24.29414949, 44.84146385], [24.2941611, 44.841465], [24.29421696, 44.84147053], [24.29421759, 44.84148045], [24.29422818, 44.8414868], [24.2946182, 44.84156719], [24.29464278, 44.84123697], [24.29482591, 44.84127506], [24.29492944, 44.84129659], [24.29495239, 44.84151775], [24.29494141, 44.84162731], [24.29483648, 44.84172086], [24.29475783, 44.84179098], [24.29470813, 44.84183529], [24.29459828, 44.84182439], [24.2945663, 44.84182121], [24.29455632, 44.84183934], [24.29432664, 44.84179332], [24.29426379, 44.84187543], [24.29424114, 44.84195664], [24.29422948, 44.84199843], [24.29422798, 44.84209514], [24.29424623, 44.84219963], [24.29426501, 44.8422985], [24.29428042, 44.84235181], [24.29430728, 44.84239062], [24.29430732, 44.84239067], [24.29431503, 44.84240181], [24.29456849, 44.84251631], [24.29457216, 44.84259006], [24.29457196, 44.84266003], [24.29452082, 44.84273122], [24.29532909, 44.84281237], [24.29539066, 44.84273229], [24.29541108, 44.84264541], [24.29540852, 44.84259387], [24.29540402, 44.84256112], [24.29539874, 44.84252273], [24.29538382, 44.84247417], [24.29536862, 44.84242465], [24.29535187, 44.84238268], [24.29530249, 44.84225897], [24.29526964, 44.84216892], [24.29522036, 44.84202248], [24.29521651, 44.84196577], [24.29520831, 44.84191159], [24.29524428, 44.84183845], [24.29544568, 44.84142972], [24.29545237, 44.84140064], [24.29548906, 44.84134147], [24.29552421, 44.84127242], [24.2956133, 44.84115242], [24.29565443, 44.84113001], [24.29565565, 44.84113044], [24.29578116, 44.84102921], [24.29590163, 44.84092252], [24.29601543, 44.84074957], [24.29613877, 44.84055802], [24.29570709, 44.84036987], [24.29558358, 44.84025936], [24.29539136, 44.84014678], [24.29489257, 44.83985465], [24.29464057, 44.83980272], [24.29449057, 44.83991251], [24.29447596, 44.83993292], [24.29444731, 44.83997297], [24.29444213, 44.83998263], [24.29444199, 44.84007598]]], [[[24.29987706, 44.84032886], [24.30089332, 44.84039531], [24.30086845, 44.8402678], [24.3008417, 44.84013059], [24.30013789, 44.8400662], [24.29987969, 44.84004283], [24.29913134, 44.83997507], [24.29812069, 44.8398825], [24.2978387, 44.83985366], [24.29782391, 44.83985215], [24.29769049, 44.83982902], [24.29767028, 44.8398993], [24.29767407, 44.83997471], [24.29765875, 44.84009146], [24.29763363, 44.84010064], [24.29780971, 44.84012929], [24.2978099, 44.84015853], [24.29976241, 44.84034821], [24.29987706, 44.84032886]]], [[[24.29831809, 44.84058399], [24.29832076, 44.84059268], [24.2983332, 44.84059107], [24.29833045, 44.84058208], [24.29831809, 44.84058399]]], [[[24.30316933, 44.83119124], [24.30290401, 44.83182948], [24.30231376, 44.83324921], [24.30223793, 44.83351288], [24.30220587, 44.83377805], [24.30199928, 44.83440878], [24.30193527, 44.83465616], [24.30190785, 44.83510644], [24.30187393, 44.83532215], [24.3016946, 44.83564197], [24.30173592, 44.8356651], [24.30293983, 44.83635528], [24.30298046, 44.83637813], [24.30333022, 44.83657476], [24.30406252, 44.83696629], [24.30459829, 44.8372106], [24.30514377, 44.83742433], [24.30562125, 44.83754827], [24.30592799, 44.83757976], [24.30592955, 44.8375616], [24.30593783, 44.83746535], [24.30594625, 44.83736745], [24.30595051, 44.83731787], [24.30596553, 44.83724768], [24.30598195, 44.83717099], [24.30598516, 44.83715602], [24.30600599, 44.83712235], [24.30603481, 44.83707577], [24.30605695, 44.83703997], [24.30611616, 44.83698882], [24.30632806, 44.83680576], [24.30653432, 44.83662756], [24.30679253, 44.83640447], [24.30686897, 44.83633844], [24.30694427, 44.83627339], [24.30697399, 44.83624378], [24.30725487, 44.83597398], [24.30732603, 44.83590566], [24.30740166, 44.8358316], [24.3075455, 44.83569077], [24.3076275, 44.83561049], [24.30770391, 44.83556651], [24.30776995, 44.83552848], [24.30791822, 44.83547186], [24.30822655, 44.83535411], [24.30831232, 44.83529521], [24.30839654, 44.8352374], [24.30857212, 44.83508731], [24.3088097, 44.8348842], [24.30893484, 44.83477723], [24.30903196, 44.83472498], [24.30917781, 44.83465356], [24.30928672, 44.83460243], [24.30932547, 44.83458423], [24.30947809, 44.83451257], [24.30949411, 44.83450343], [24.30966712, 44.83440482], [24.30982579, 44.83431439], [24.30998794, 44.83422197], [24.31011114, 44.83415175], [24.31017218, 44.83413678], [24.3103983, 44.83408131], [24.31042619, 44.83407446], [24.31050292, 44.83403694], [24.31054495, 44.83399972], [24.31057909, 44.83390475], [24.31060911, 44.83382127], [24.31062245, 44.83378942], [24.31066951, 44.83367705], [24.3107373, 44.83359546], [24.31088808, 44.83341394], [24.31095691, 44.83333108], [24.31103799, 44.83324457], [24.31114788, 44.83312731], [24.31123829, 44.83303714], [24.31139251, 44.83288334], [24.31148285, 44.83280617], [24.31149154, 44.83278596], [24.31149884, 44.83274832], [24.31093125, 44.83273643], [24.31059408, 44.83271363], [24.31018667, 44.83265867], [24.30972107, 44.83256196], [24.30864933, 44.83232043], [24.30844924, 44.83227693], [24.30813297, 44.83220616], [24.30808416, 44.83219536], [24.30746156, 44.83206473], [24.30732216, 44.83203769], [24.30702878, 44.83198078], [24.30669665, 44.83191848], [24.3045567, 44.8314771], [24.30321806, 44.83120098], [24.30316933, 44.83119124]], [[24.30708567, 44.83377954], [24.30705651, 44.83382333], [24.30709426, 44.83376664], [24.30708567, 44.83377954]], [[24.30710659, 44.83374811], [24.30710309, 44.83375337], [24.30709426, 44.83376664], [24.30710659, 44.83374811]]], [[[24.30477256, 44.84101433], [24.30492788, 44.84075305], [24.30497118, 44.84068023], [24.30505482, 44.84049388], [24.30515674, 44.84026679], [24.30520312, 44.84016345], [24.30522934, 44.83997686], [24.30522216, 44.83990392], [24.30519908, 44.83966968], [24.30521921, 44.83960649], [24.3052629, 44.83946948], [24.30527667, 44.83942625], [24.30533339, 44.83933606], [24.30539715, 44.83923463], [24.30541471, 44.83920657], [24.30555649, 44.83898013], [24.30558118, 44.8389407], [24.30564242, 44.8388429], [24.30573306, 44.83869813], [24.30587709, 44.83846807], [24.30595699, 44.83828542], [24.3059696, 44.83820423], [24.30598801, 44.83808557], [24.30598821, 44.83808177], [24.30599493, 44.83795634], [24.30599724, 44.83791314], [24.30599013, 44.83782898], [24.30598253, 44.83773862], [24.30593847, 44.83765174], [24.30551614, 44.83758751], [24.30499615, 44.83744371], [24.3040156, 44.83701803], [24.30390579, 44.83704983], [24.30384483, 44.83731736], [24.30376756, 44.83765641], [24.30373915, 44.83778118], [24.30372104, 44.83786056], [24.30370468, 44.83790446], [24.30365978, 44.83802489], [24.30348776, 44.83848637], [24.30343254, 44.83863447], [24.30339523, 44.83873453], [24.30338496, 44.83876209], [24.30338494, 44.83876213], [24.30338143, 44.838775], [24.3033174, 44.83900875], [24.30328076, 44.83914246], [24.30324337, 44.839279], [24.30320568, 44.83941658], [24.30318526, 44.83949113], [24.303159, 44.83956349], [24.30305087, 44.83986161], [24.302977, 44.84006525], [24.30291801, 44.84022785], [24.30288735, 44.84031236], [24.30279368, 44.84057154], [24.30284233, 44.84058242], [24.30477256, 44.84101433]]]]}}, {"type": "Feature", "properties": {"tarla": "15", "nr_parcele": 126, "suprafata_totala": 686866}, "geometry": {"type": "MultiPolygon", "coordinates": [[[[24.29444201, 44.84331229], [24.29443577, 44.84336734], [24.29443129, 44.8435056], [24.29445892, 44.84358105], [24.29447627, 44.84363402], [24.29446883, 44.84363548], [24.29448428, 44.84371114], [24.29451428, 44.8437708], [24.29457226, 44.84385512], [24.29457228, 44.84385516], [24.29460021, 44.84389577], [24.29460887, 44.84390184], [24.29467536, 44.84389238], [24.29494433, 44.84383811], [24.29499971, 44.84380907], [24.29504287, 44.84376723], [24.29505962, 44.84372034], [24.29510754, 44.84367014], [24.29537255, 44.84342892], [24.29536164, 44.84337646], [24.29533056, 44.84329878], [24.29530724, 44.84326412], [24.29527785, 44.84322041], [24.29526267, 44.84317824], [24.29525303, 44.84315145], [24.29524089, 44.84311774], [24.29523216, 44.84308412], [24.2952141, 44.84301453], [24.29524154, 44.8429289], [24.29446333, 44.84285564], [24.29442726, 44.84301366], [24.29446783, 44.84321741], [24.29444201, 44.84331229]]], [[[24.30547475, 44.84709803], [24.30547164, 44.84710145], [24.30539427, 44.84717303], [24.3053788, 44.84719177], [24.3053438, 44.84723423], [24.30526768, 44.84732655], [24.30517881, 44.84743432], [24.30505494, 44.84758456], [24.30494779, 44.84771454], [24.30490293, 44.8477726], [24.30475483, 44.84796424], [24.30472761, 44.84799948], [24.30472396, 44.84800419], [24.30472278, 44.8480058], [24.30470321, 44.84803445], [24.30465424, 44.84810613], [24.30460511, 44.84817803], [24.3045709, 44.84822811], [24.30456401, 44.8482382], [24.30452644, 44.84827376], [24.30443242, 44.84836272], [24.30437602, 44.8484161], [24.30424508, 44.84854002], [24.30415197, 44.84862813], [24.3041133, 44.84866472], [24.3040657, 44.84871933], [24.30313447, 44.84830856], [24.30313968, 44.84832058], [24.30329667, 44.84848552], [24.3033115, 44.84850385], [24.30333362, 44.84853117], [24.30331688, 44.84858422], [24.3032855, 44.84861371], [24.30319343, 44.84870028], [24.30318596, 44.8487073], [24.30318222, 44.8487166], [24.30321003, 44.84883581], [24.30323513, 44.84894345], [24.30353172, 44.84936029], [24.30373966, 44.84960375], [24.30381867, 44.84968209], [24.30401003, 44.84987203], [24.30401514, 44.84987711], [24.30418723, 44.85004401], [24.30487767, 44.85058795], [24.30518396, 44.85081758], [24.3054295, 44.85096117], [24.30561411, 44.85103377], [24.30587507, 44.85112574], [24.30612263, 44.85126366], [24.30630585, 44.85134706], [24.30727973, 44.85172664], [24.30763173, 44.8514694], [24.30775891, 44.85137647], [24.30792725, 44.8512105], [24.30812463, 44.85100348], [24.30821069, 44.85091323], [24.30829605, 44.8508237], [24.3083775, 44.85073828], [24.30843084, 44.85068234], [24.30846085, 44.85065785], [24.30856301, 44.8505745], [24.30856354, 44.8505739], [24.30861552, 44.85051633], [24.30864695, 44.8504815], [24.30866044, 44.85046656], [24.3087022, 44.85039767], [24.30878174, 44.85030714], [24.30879958, 44.8502889], [24.30888871, 44.85019778], [24.30893267, 44.85015285], [24.30893332, 44.85015219], [24.30893423, 44.85015124], [24.30897783, 44.85010665], [24.30904178, 44.85004128], [24.30908264, 44.84999952], [24.30910553, 44.84997613], [24.30913679, 44.84994417], [24.30916098, 44.84991944], [24.30916906, 44.84991118], [24.30919272, 44.84988697], [24.309351, 44.84973444], [24.30943697, 44.8496516], [24.3095329, 44.8495596], [24.30958877, 44.84950601], [24.30978595, 44.84931935], [24.30981217, 44.84929453], [24.30986703, 44.84922922], [24.30990253, 44.84918698], [24.30998592, 44.8490877], [24.31002104, 44.84904588], [24.31007569, 44.84898082], [24.31009527, 44.84895752], [24.31016001, 44.84887638], [24.31023404, 44.84878363], [24.31023479, 44.84878269], [24.31023579, 44.84878144], [24.31031568, 44.84868132], [24.31033224, 44.84866057], [24.31035728, 44.84862596], [24.31037876, 44.84859629], [24.31048725, 44.84848237], [24.31068931, 44.84827023], [24.31076286, 44.84819303], [24.31084632, 44.84810539], [24.31093639, 44.84801676], [24.31113619, 44.84782015], [24.31124211, 44.84764972], [24.31126073, 44.84762477], [24.3113341, 44.8475265], [24.31136846, 44.84748094], [24.3113934, 44.84744789], [24.31142211, 44.84740981], [24.31143472, 44.84739311], [24.3114783, 44.8473491], [24.31153724, 44.84728958], [24.31159636, 44.84722986], [24.3116406, 44.84718516], [24.31177, 44.84705446], [24.31179143, 44.8470281], [24.3118327, 44.84697729], [24.31186846, 44.84693327], [24.311955, 44.84682675], [24.31197627, 44.84680059], [24.31204185, 44.84671987], [24.31211963, 44.84662414], [24.31219764, 44.84652812], [24.31225311, 44.84645984], [24.31227836, 44.84643295], [24.31232992, 44.84637806], [24.31234091, 44.84636636], [24.3123568, 44.84634943], [24.31238605, 44.84631828], [24.31242425, 44.8462776], [24.31244922, 44.84625101], [24.31248671, 44.84621109], [24.31256018, 44.84613284], [24.31257336, 44.84611882], [24.31282136, 44.84585471], [24.31292073, 44.84574229], [24.31306605, 44.84557792], [24.3131565, 44.84549205], [24.31329665, 44.84535901], [24.31334174, 44.8453162], [24.31348918, 44.84520498], [24.31352003, 44.84517829], [24.31358671, 44.8451206], [24.31362402, 44.84508595], [24.31371214, 44.84500415], [24.31371687, 44.84499976], [24.31392186, 44.84480946], [24.3139229, 44.84480809], [24.31396868, 44.84474759], [24.314, 44.84470619], [24.31407735, 44.84460394], [24.31410148, 44.84457206], [24.31416347, 44.84450543], [24.31426996, 44.84439096], [24.31434148, 44.84431407], [24.31452141, 44.84412067], [24.31453168, 44.84410961], [24.31458832, 44.84405646], [24.3146912, 44.84395993], [24.31476157, 44.84389389], [24.31481204, 44.84384652], [24.31488932, 44.84377403], [24.31489814, 44.84376747], [24.31495528, 44.84372496], [24.31497655, 44.84370378], [24.31518072, 44.84350058], [24.31527872, 44.84340861], [24.31529578, 44.8433926], [24.31540807, 44.84325205], [24.31550039, 44.84313649], [24.31553465, 44.84309359], [24.315572, 44.84304684], [24.31558234, 44.84303506], [24.31560754, 44.84300636], [24.31563274, 44.84297764], [24.31566326, 44.84294288], [24.31567812, 44.84292593], [24.31572353, 44.84287421], [24.31580766, 44.84277836], [24.31608058, 44.8424674], [24.31612653, 44.84241504], [24.3161698, 44.8423737], [24.31619263, 44.84235187], [24.3162028, 44.84234215], [24.31624018, 44.84230646], [24.31628763, 44.84226111], [24.31632174, 44.84222852], [24.31632459, 44.84222579], [24.31638375, 44.84217127], [24.31648327, 44.84207956], [24.31648716, 44.84207462], [24.31657006, 44.84196936], [24.31664117, 44.84187907], [24.31665154, 44.84186334], [24.31669406, 44.84179881], [24.31672668, 44.84176468], [24.31678488, 44.84170377], [24.31682404, 44.84166511], [24.31688955, 44.84160045], [24.3169242, 44.84156703], [24.3170252, 44.84146965], [24.31708755, 44.84140953], [24.31717266, 44.84132245], [24.31727313, 44.84121968], [24.31728971, 44.84116255], [24.31730678, 44.84110372], [24.31734099, 44.84104316], [24.31737804, 44.84097761], [24.31741812, 44.84093396], [24.31751191, 44.84083183], [24.31755877, 44.84078078], [24.31759184, 44.84074476], [24.31760149, 44.84072797], [24.31763434, 44.84067083], [24.31766239, 44.84062204], [24.31766522, 44.84061712], [24.31773745, 44.84050038], [24.31778382, 44.84042547], [24.31792955, 44.84024531], [24.31798276, 44.84017347], [24.31802058, 44.84012242], [24.3180464, 44.84008758], [24.31810994, 44.84000182], [24.31774557, 44.83978159], [24.31761794, 44.83966805], [24.31742175, 44.83949353], [24.31738522, 44.83944463], [24.31724641, 44.83925879], [24.31722302, 44.83922746], [24.31710065, 44.83904064], [24.31705894, 44.83893705], [24.3170597, 44.83892766], [24.3170651, 44.83886081], [24.31707285, 44.83876474], [24.31707568, 44.83871021], [24.3170815, 44.83859777], [24.31704773, 44.83847745], [24.3170033, 44.83831923], [24.31706198, 44.8382352], [24.3171201, 44.83815196], [24.31717814, 44.83806887], [24.31721901, 44.83801036], [24.31715963, 44.83795293], [24.31697686, 44.83777619], [24.3170189, 44.83762826], [24.31704596, 44.83759995], [24.31709709, 44.83754649], [24.3171286, 44.83751355], [24.31714203, 44.83744424], [24.31715428, 44.83738102], [24.31705765, 44.83718934], [24.31695928, 44.8369942], [24.3169754, 44.8369368], [24.31706531, 44.83661644], [24.31707751, 44.8365682], [24.31711398, 44.836424], [24.31712223, 44.83638609], [24.31715766, 44.83622301], [24.31690131, 44.83612246], [24.31671696, 44.83611145], [24.31598882, 44.835716], [24.31603045, 44.8359184], [24.31603812, 44.83595565], [24.3159738, 44.83608623], [24.31596845, 44.83609311], [24.31572788, 44.8364024], [24.31560111, 44.8365654], [24.31547349, 44.83672948], [24.31540259, 44.83682063], [24.31535863, 44.83687715], [24.3151811, 44.83710539], [24.31511809, 44.8371864], [24.31505512, 44.83726738], [24.31499201, 44.83734849], [24.31490616, 44.83745886], [24.31482182, 44.83752394], [24.31463783, 44.83766592], [24.31450856, 44.83776566], [24.31445092, 44.83781014], [24.31424162, 44.83797163], [24.3141363, 44.83805291], [24.31403318, 44.83813247], [24.3138365, 44.83828422], [24.31379824, 44.83831374], [24.31374219, 44.83835699], [24.31364357, 44.83843307], [24.31345382, 44.83866543], [24.31336075, 44.83877938], [24.31332396, 44.83882443], [24.31328088, 44.83887719], [24.31326677, 44.83889446], [24.31323617, 44.83892915], [24.31319064, 44.83898076], [24.31309953, 44.83908404], [24.31300847, 44.83918727], [24.31291796, 44.83928985], [24.31278349, 44.8394423], [24.31264881, 44.83959497], [24.31255878, 44.83969704], [24.3124685, 44.83979937], [24.31237806, 44.83990188], [24.31229429, 44.83999684], [24.31222772, 44.84007229], [24.31220492, 44.84009948], [24.31211807, 44.84020306], [24.31203111, 44.84030675], [24.31197941, 44.84036841], [24.31195028, 44.84040314], [24.31190977, 44.84045146], [24.31186918, 44.84049984], [24.31184968, 44.84052311], [24.3117683, 44.84062017], [24.31164027, 44.84077283], [24.31149372, 44.8409304], [24.31140601, 44.84102472], [24.31135867, 44.84107561], [24.31131136, 44.84112649], [24.31128507, 44.84115475], [24.3112588, 44.84118299], [24.31120629, 44.84123946], [24.31106485, 44.84139154], [24.31092387, 44.84154312], [24.31064147, 44.84184674], [24.31054148, 44.84195426], [24.31048426, 44.84199262], [24.31033396, 44.8420934], [24.31031623, 44.84210529], [24.31019642, 44.84217509], [24.31017465, 44.84218777], [24.31008723, 44.84222118], [24.31003809, 44.84223996], [24.30997109, 44.84231108], [24.3098584, 44.84239363], [24.30962786, 44.84256249], [24.30958726, 44.84259223], [24.30953883, 44.84265974], [24.30951219, 44.84269687], [24.30945192, 44.84275789], [24.30935825, 44.84285269], [24.30924204, 44.84297035], [24.30918354, 44.84305779], [24.30911804, 44.84315568], [24.30906976, 44.84322784], [24.3090428, 44.84326034], [24.30887366, 44.84346429], [24.30883005, 44.84351686], [24.30872223, 44.8435925], [24.30863366, 44.84365463], [24.30848878, 44.84384373], [24.30834674, 44.84402913], [24.30820764, 44.84419335], [24.30812719, 44.84428835], [24.30806919, 44.84435683], [24.308064, 44.84436296], [24.30803213, 44.844398], [24.30798798, 44.84444653], [24.30797116, 44.84446502], [24.30792698, 44.8445138], [24.30787867, 44.84456715], [24.30783947, 44.84460597], [24.30774837, 44.84469621], [24.30765755, 44.84478619], [24.30755614, 44.84488664], [24.30745505, 44.84498676], [24.30720891, 44.84523057], [24.30716405, 44.84527501], [24.30710413, 44.84533436], [24.3070444, 44.84539353], [24.30698466, 44.84545268], [24.30691846, 44.84551827], [24.30678481, 44.84565066], [24.30656425, 44.84586911], [24.3065485, 44.84588472], [24.30642462, 44.84602684], [24.30626546, 44.84620945], [24.30600675, 44.84650623], [24.30588025, 44.84665136], [24.30584016, 44.84669737], [24.30583365, 44.84670451], [24.30574452, 44.84680224], [24.30573435, 44.84681339], [24.30566213, 44.84689258], [24.30557002, 44.84699357], [24.30547475, 44.84709803]]]]}}, {"type": "Feature", "properties": {"tarla": "16", "nr_parcele": 49, "suprafata_totala": 196431}, "geometry": {"type": "MultiPolygon", "coordinates": [[[[24.3195324, 44.83614301], [24.31951659, 44.83616985], [24.31946745, 44.83625319], [24.31945254, 44.83628795], [24.31974449, 44.83647968], [24.32024022, 44.83676942], [24.32106945, 44.83727509], [24.32112663, 44.83730955], [24.32155177, 44.83697111], [24.32157293, 44.8369527], [24.32159966, 44.83692946], [24.32192433, 44.836647], [24.32196759, 44.83661184], [24.32233892, 44.83631006], [24.32242078, 44.83624354], [24.32274772, 44.83596302], [24.32277079, 44.83594323], [24.3228063, 44.83591293], [24.32291707, 44.83581843], [24.32302578, 44.83572569], [24.32313198, 44.83563509], [24.32323568, 44.83554663], [24.32324944, 44.83553488], [24.32335746, 44.83544556], [24.32342747, 44.83538766], [24.32349621, 44.83533082], [24.32356711, 44.8352722], [24.32356789, 44.83527156], [24.32363677, 44.83521791], [24.32376487, 44.83511811], [24.32412817, 44.8347923], [24.32413472, 44.83478642], [24.32425713, 44.83468707], [24.32440058, 44.83457066], [24.32448017, 44.83450607], [24.32453787, 44.83445678], [24.32467904, 44.83433618], [24.32500526, 44.83405748], [24.32502805, 44.834038], [24.32515212, 44.83394334], [24.3251552, 44.83394073], [24.32518881, 44.83391236], [24.32522235, 44.83388403], [24.32533839, 44.83378606], [24.32541849, 44.83371326], [24.32559069, 44.83355677], [24.32561378, 44.83353579], [24.32567875, 44.83348199], [24.32595127, 44.83325638], [24.32599598, 44.83321936], [24.32600502, 44.83321187], [24.32623305, 44.83302], [24.32623575, 44.83301726], [24.32625813, 44.83299459], [24.32628771, 44.83298513], [24.32635227, 44.83294906], [24.32642754, 44.83289399], [24.32654587, 44.83282377], [24.32663473, 44.83275347], [24.3267152, 44.83269938], [24.32674768, 44.83267755], [24.32704655, 44.83242085], [24.32722674, 44.83229363], [24.32734511, 44.83221004], [24.32751738, 44.83208084], [24.32763846, 44.83198013], [24.32777573, 44.83185845], [24.32793218, 44.83167569], [24.32798107, 44.83162525], [24.32778611, 44.83149448], [24.3275462, 44.83144691], [24.32725584, 44.83146961], [24.32684944, 44.83162463], [24.3263817, 44.83180099], [24.32620104, 44.83190849], [24.32603886, 44.83206767], [24.32588295, 44.83211086], [24.32554073, 44.83220566], [24.32531413, 44.83219535], [24.32488222, 44.83220817], [24.32473103, 44.83217067], [24.32428186, 44.8319255], [24.32400528, 44.83202582], [24.32382439, 44.83208233], [24.3236574, 44.83212491], [24.32342495, 44.83216626], [24.32328563, 44.83217505], [24.32315298, 44.83217081], [24.32281002, 44.83214724], [24.32253204, 44.83213036], [24.32250807, 44.8321289], [24.32234554, 44.83223855], [24.32215028, 44.83230658], [24.32200597, 44.83236087], [24.32190665, 44.83238509], [24.32172848, 44.83233076], [24.32165613, 44.83239429], [24.32158066, 44.83246057], [24.32144785, 44.83259225], [24.32144242, 44.83259991], [24.32141457, 44.83263923], [24.32128844, 44.83281724], [24.32121817, 44.8328752], [24.32112789, 44.83294967], [24.32110274, 44.8329704], [24.3209544, 44.83305983], [24.32085109, 44.83309192], [24.32058467, 44.83317465], [24.32052253, 44.83324468], [24.32049647, 44.83327402], [24.32047038, 44.83330341], [24.32043821, 44.83333964], [24.32040449, 44.83343158], [24.32034129, 44.83360387], [24.32033089, 44.8336433], [24.32029467, 44.83378063], [24.32026032, 44.8339109], [24.3202424, 44.83397889], [24.32022379, 44.83404436], [24.32021275, 44.83408321], [24.32019949, 44.83416626], [24.32013908, 44.83454423], [24.32012477, 44.83465825], [24.32011672, 44.83472238], [24.32010813, 44.83479091], [24.32009978, 44.83485738], [24.3200913, 44.83492508], [24.32007648, 44.83504319], [24.32007157, 44.8350822], [24.32005183, 44.83514425], [24.32001926, 44.8352466], [24.3200081, 44.83528163], [24.31997128, 44.835349], [24.31994477, 44.8353975], [24.31991734, 44.83545256], [24.31990127, 44.8354848], [24.31988866, 44.83550742], [24.31967748, 44.83588594], [24.31959359, 44.83603633], [24.31956341, 44.83609042], [24.3195324, 44.83614301]]], [[[24.2941087, 44.84190898], [24.29411167, 44.84183348], [24.29411456, 44.84175961], [24.2930542, 44.84182661], [24.29307381, 44.84189904], [24.29309385, 44.8419731], [24.2941087, 44.84190898]]], [[[24.29428203, 44.84280031], [24.2942703, 44.84280024], [24.29427021, 44.84280858], [24.29428192, 44.84280866], [24.2942844, 44.84280894], [24.2942844, 44.84280889], [24.29428192, 44.84280861], [24.29428203, 44.84280031]]], [[[24.2939693, 44.84380961], [24.29394108, 44.84382616], [24.29382043, 44.8438537], [24.29364985, 44.84389264], [24.29361164, 44.84392357], [24.29346866, 44.84396436], [24.29339877, 44.84405178], [24.29335585, 44.84410543], [24.29333671, 44.84413479], [24.29325185, 44.84426489], [24.29314517, 44.84429336], [24.29307111, 44.84437518], [24.29291345, 44.84446876], [24.29317605, 44.8445494], [24.29336172, 44.84450331], [24.29340545, 44.84457533], [24.29359342, 44.84462373], [24.29362194, 44.8444646], [24.29391382, 44.84445829], [24.29392173, 44.84445812], [24.29402422, 44.84445218], [24.29402677, 44.84447043], [24.29404387, 44.84487419], [24.29405202, 44.84506657], [24.29409685, 44.84508612], [24.29426949, 44.84507827], [24.29437849, 44.84507237], [24.29446536, 44.84506769], [24.29451528, 44.84507569], [24.29475216, 44.84505092], [24.29498903, 44.84502615], [24.29496673, 44.84482788], [24.29493991, 44.84467962], [24.29482896, 44.84440938], [24.29471803, 44.84415065], [24.29463716, 44.84400935], [24.29443275, 44.84386769], [24.29430532, 44.84383767], [24.29430525, 44.84383764], [24.29419396, 44.84381144], [24.29409801, 44.84379346], [24.2939693, 44.84380961]]]]}}, {"type": "Feature", "properties": {"tarla": "17", "nr_parcele": 34, "suprafata_totala": 99806}, "geometry": {"type": "MultiPolygon", "coordinates": [[[[24.31952125, 44.83125356], [24.31958728, 44.83165772], [24.31966672, 44.83211379], [24.31971749, 44.83242571], [24.31984205, 44.83239609], [24.31994743, 44.83228413], [24.32003629, 44.83225898], [24.32021713, 44.83229106], [24.32045408, 44.8323331], [24.32069759, 44.83233084], [24.32070573, 44.83234014], [24.32078091, 44.83242594], [24.32087204, 44.83257466], [24.32093221, 44.83258184], [24.32109415, 44.83252728], [24.32119654, 44.83245054], [24.32132425, 44.83235482], [24.32137289, 44.83229686], [24.32141529, 44.83227679], [24.32176639, 44.83211063], [24.32190747, 44.83207435], [24.32200474, 44.83204934], [24.32218091, 44.83196399], [24.32228478, 44.83197047], [24.32241438, 44.83196112], [24.32257833, 44.83194928], [24.3229166, 44.83194856], [24.32308235, 44.83194886], [24.32319759, 44.83194906], [24.32335025, 44.83192738], [24.32360388, 44.83189135], [24.32389672, 44.83179645], [24.32391473, 44.83178828], [24.32406658, 44.83171948], [24.32415349, 44.83164232], [24.32415991, 44.83155285], [24.32420144, 44.83150704], [24.32426432, 44.83149432], [24.32438547, 44.83153783], [24.32455382, 44.8315983], [24.3246581, 44.83164336], [24.32466062, 44.83164445], [24.32470283, 44.83186477], [24.32472719, 44.83201037], [24.32492941, 44.8319964], [24.32493939, 44.83198935], [24.32507032, 44.83189676], [24.32517394, 44.83177064], [24.32531839, 44.83179973], [24.32545952, 44.83182815], [24.32557211, 44.83185516], [24.3257226, 44.83180136], [24.32577932, 44.83178109], [24.32610214, 44.83157098], [24.32611036, 44.83156563], [24.32670792, 44.83138461], [24.32671086, 44.83138377], [24.3271177, 44.83126762], [24.32713812, 44.83125881], [24.32737857, 44.83115516], [24.32759877, 44.83121371], [24.3278694, 44.83128566], [24.32801826, 44.83128655], [24.328191, 44.83137123], [24.32820725, 44.83133307], [24.32820746, 44.83127206], [24.32811769, 44.83098928], [24.32803261, 44.83081337], [24.32795279, 44.83068518], [24.32790783, 44.83056098], [24.32783435, 44.83021719], [24.32774431, 44.82995727], [24.32773924, 44.82990387], [24.32773207, 44.82988217], [24.32736293, 44.82994491], [24.32690826, 44.8300222], [24.32647158, 44.83009642], [24.32584778, 44.83020244], [24.32543837, 44.83027202], [24.32504684, 44.83033856], [24.32464528, 44.8304068], [24.32443495, 44.83044256], [24.3241897, 44.83048423], [24.32368826, 44.83056945], [24.32335624, 44.83062586], [24.32311574, 44.83066523], [24.32285188, 44.83070843], [24.32220142, 44.8308149], [24.32168906, 44.83089876], [24.32117489, 44.83098292], [24.3209313, 44.83102279], [24.32047489, 44.83109749], [24.32000956, 44.83117364], [24.31952125, 44.83125356]]], [[[24.29508944, 44.84375586], [24.29503175, 44.84381838], [24.2949957, 44.8438393], [24.29482283, 44.84395256], [24.29483275, 44.84411166], [24.29483275, 44.8441117], [24.29483506, 44.84414874], [24.29488584, 44.84439996], [24.29500623, 44.84462427], [24.29503224, 44.84479228], [24.29503224, 44.84479233], [24.29505415, 44.84493399], [24.295062, 44.84501876], [24.29506156, 44.84503469], [24.29508018, 44.84512891], [24.29508019, 44.84512895], [24.29510159, 44.84523714], [24.29517049, 44.84540769], [24.2951603, 44.84514909], [24.29519407, 44.84504479], [24.29522733, 44.84492252], [24.29521089, 44.84475623], [24.29518518, 44.84459979], [24.29515212, 44.84437452], [24.29511873, 44.84426998], [24.2951196, 44.84419855], [24.29518584, 44.84405199], [24.29526226, 44.84394106], [24.29530551, 44.84382739], [24.29536922, 44.84362298], [24.29537147, 44.8434797], [24.29524308, 44.84359306], [24.29516125, 44.84366532], [24.29508944, 44.84375586]]]]}}, {"type": "Feature", "properties": {"tarla": "18", "nr_parcele": 77, "suprafata_totala": 378624}, "geometry": {"type": "MultiPolygon", "coordinates": [[[[24.31960008, 44.82022455], [24.31945199, 44.82020184], [24.31937654, 44.82015393], [24.31925047, 44.82007828], [24.31900402, 44.8200846], [24.31881391, 44.82015355], [24.31884335, 44.82079525], [24.31884485, 44.82103545], [24.31884598, 44.82121864], [24.31884807, 44.8215582], [24.3188493, 44.82175351], [24.31885135, 44.82208756], [24.31885362, 44.82245386], [24.31885528, 44.82272171], [24.31885709, 44.82301381], [24.31885743, 44.82306928], [24.31885785, 44.82313746], [24.31885789, 44.82314367], [24.31885522, 44.82328129], [24.31885411, 44.82333818], [24.31885301, 44.82339391], [24.31885085, 44.82350516], [24.31884868, 44.8236164], [24.31884712, 44.82369686], [24.31884458, 44.8238266], [24.31884205, 44.8239563], [24.31883953, 44.82408594], [24.31883826, 44.82415075], [24.318837, 44.82421556], [24.31883574, 44.82428031], [24.31883397, 44.82437097], [24.31883365, 44.82438747], [24.31881936, 44.82441072], [24.31877819, 44.82447763], [24.31870833, 44.8245912], [24.31874404, 44.82461892], [24.31878068, 44.82466744], [24.31878065, 44.82466782], [24.3187774, 44.82479613], [24.31877512, 44.82488587], [24.31877443, 44.82491318], [24.31877371, 44.82497766], [24.31877289, 44.82505184], [24.31876888, 44.82541233], [24.31876066, 44.82556374], [24.31875373, 44.82569176], [24.3187468, 44.82581961], [24.31874332, 44.82588344], [24.31873986, 44.82594737], [24.31872949, 44.82613857], [24.31872161, 44.82628401], [24.31872713, 44.82632893], [24.31873131, 44.82636304], [24.31873288, 44.82645561], [24.3187361, 44.8266462], [24.31873717, 44.82670974], [24.31873825, 44.82677329], [24.31873876, 44.82680383], [24.31874006, 44.82688019], [24.31874116, 44.82694553], [24.3187451, 44.82700737], [24.31875317, 44.82713452], [24.31876127, 44.82726195], [24.31876533, 44.82732584], [24.31877325, 44.82745039], [24.31876729, 44.82752205], [24.31875992, 44.82761056], [24.31876895, 44.82772405], [24.31877902, 44.82785036], [24.31878406, 44.82791369], [24.3187891, 44.82797709], [24.31879924, 44.82810416], [24.31880925, 44.82822989], [24.31878489, 44.82836091], [24.31874908, 44.82855358], [24.31871354, 44.82874467], [24.31866981, 44.82897994], [24.31864132, 44.82912448], [24.31863419, 44.82916071], [24.31861233, 44.82924237], [24.31859565, 44.82930461], [24.31858517, 44.82934378], [24.3185746, 44.82936689], [24.31854609, 44.8294293], [24.31852332, 44.82947913], [24.31847883, 44.82955339], [24.31845925, 44.82958606], [24.31844548, 44.82967337], [24.31842687, 44.82979137], [24.31840833, 44.82990888], [24.31839909, 44.82996746], [24.31838064, 44.83008452], [24.31835304, 44.83025945], [24.3183406, 44.8303383], [24.31833235, 44.83037585], [24.31829399, 44.83055007], [24.31825587, 44.83072324], [24.31825547, 44.83072499], [24.31824932, 44.83083708], [24.31824204, 44.83096929], [24.31822947, 44.83119786], [24.31822136, 44.83134524], [24.3196252, 44.83110923], [24.3207395, 44.83092188], [24.32188624, 44.83073783], [24.32324476, 44.83051977], [24.3232653, 44.83051646], [24.32327053, 44.8304047], [24.32327855, 44.83023344], [24.32328662, 44.83006114], [24.32329203, 44.82994571], [24.32330017, 44.82977201], [24.32330562, 44.82965578], [24.32330834, 44.82959762], [24.32331381, 44.82948093], [24.32331539, 44.8294468], [24.32329834, 44.82936509], [24.32327406, 44.82924877], [24.32325822, 44.82917289], [24.32325797, 44.82912998], [24.32325763, 44.82906941], [24.3232573, 44.82900848], [24.32325693, 44.82894405], [24.32325622, 44.82881873], [24.32325413, 44.82844783], [24.32325307, 44.82825915], [24.32325201, 44.82806888], [24.32325057, 44.82781317], [24.32324986, 44.82768548], [24.32324949, 44.82762178], [24.32324913, 44.82755813], [24.32324883, 44.82750394], [24.32326777, 44.82742995], [24.32331071, 44.82726224], [24.32331816, 44.82723315], [24.32333587, 44.82308529], [24.3232424, 44.82308574], [24.32322126, 44.82305332], [24.32318574, 44.82299881], [24.32313475, 44.82292061], [24.32306613, 44.82286296], [24.32299079, 44.82279967], [24.32292853, 44.82274824], [24.32274618, 44.82260076], [24.32268876, 44.82255516], [24.3225208, 44.82248262], [24.32251344, 44.82247945], [24.32217066, 44.82243306], [24.32208215, 44.82241663], [24.32185046, 44.8223194], [24.32169881, 44.82226829], [24.3216288, 44.82224471], [24.32149515, 44.82224005], [24.32117831, 44.82221363], [24.32115873, 44.82219271], [24.32104572, 44.82199627], [24.32095227, 44.82195055], [24.32090958, 44.82192965], [24.32086216, 44.82187805], [24.32085232, 44.82180264], [24.32075281, 44.82165383], [24.32072983, 44.82163086], [24.32069612, 44.82159716], [24.3206689, 44.82156275], [24.32058908, 44.82144465], [24.32057265, 44.82142035], [24.32053798, 44.82129062], [24.32044184, 44.82111457], [24.32042282, 44.82107973], [24.32035575, 44.82093691], [24.320248, 44.82070745], [24.32010534, 44.82062733], [24.32004849, 44.82056799], [24.3200275, 44.82041433], [24.31982814, 44.82028919], [24.31960008, 44.82022455]]], [[[24.32333055, 44.83020389], [24.32769814, 44.82966919], [24.32769187, 44.82960474], [24.32333363, 44.8301383], [24.32333055, 44.83020389]]]]}}, {"type": "Feature", "properties": {"tarla": "19", "nr_parcele": 146, "suprafata_totala": 490025}, "geometry": {"type": "MultiPolygon", "coordinates": [[[[24.29770225, 44.84073337], [24.29765457, 44.84073617], [24.29762689, 44.8407356], [24.29750299, 44.84074852], [24.2974548, 44.84075198], [24.29727558, 44.8407619], [24.29726688, 44.84076635], [24.29720753, 44.84077368], [24.29714889, 44.84076595], [24.29714404, 44.84076599], [24.29713231, 44.84076607], [24.29697053, 44.84076721], [24.29690504, 44.84076381], [24.29685372, 44.84075481], [24.29675307, 44.84072269], [24.29664889, 44.84067057], [24.29657188, 44.84064645], [24.29647505, 44.84062203], [24.29634674, 44.84059136], [24.29622776, 44.84056241], [24.29612261, 44.8407215], [24.29611701, 44.84073093], [24.29611698, 44.84073097], [24.29603068, 44.84087648], [24.29588834, 44.84104038], [24.29588824, 44.84104871], [24.29587651, 44.84104864], [24.29582313, 44.8410946], [24.29581738, 44.84114159], [24.2957542, 44.84114551], [24.29563082, 44.84124631], [24.2955935, 44.84130191], [24.29551594, 44.8414489], [24.29551543, 44.84145009], [24.29545641, 44.84158666], [24.29541048, 44.84166568], [24.29534907, 44.84181749], [24.29534697, 44.84188544], [24.29534588, 44.84192116], [24.29533545, 44.84198689], [24.29546047, 44.84199066], [24.29554862, 44.84199096], [24.2956514, 44.84198892], [24.29568429, 44.8419861], [24.29589955, 44.84197072], [24.29612729, 44.84194614], [24.29612732, 44.84194614], [24.2972345, 44.84181182], [24.29736645, 44.84179581], [24.29759881, 44.84176466], [24.29799891, 44.84170278], [24.29797232, 44.84157069], [24.29805325, 44.84155886], [24.29835267, 44.84154714], [24.29824799, 44.84131516], [24.29821239, 44.84124495], [24.29845045, 44.84118184], [24.2985427, 44.8411574], [24.2985792, 44.84114772], [24.29856332, 44.84111999], [24.29849499, 44.84100069], [24.298449, 44.84092039], [24.29840463, 44.84085506], [24.29832876, 44.84064588], [24.29821943, 44.8406559], [24.29817573, 44.84065912], [24.29813932, 44.84066671], [24.29801175, 44.8406908], [24.29794282, 44.84071363], [24.29787106, 44.8407173], [24.29786834, 44.84071169], [24.29770225, 44.84073337]]], [[[24.29544704, 44.84239863], [24.29548788, 44.84249202], [24.29584106, 44.84251266], [24.29617365, 44.84249375], [24.29638604, 44.8424685], [24.29752799, 44.84227139], [24.29773777, 44.84223839], [24.29768727, 44.84212067], [24.2974694, 44.84215401], [24.2974238, 44.84216054], [24.29674605, 44.842267], [24.29637145, 44.84231227], [24.29615623, 44.84232296], [24.29589065, 44.84233614], [24.29580276, 44.84233317], [24.29540482, 44.8423197], [24.29544704, 44.84239863]]], [[[24.29533076, 44.8430887], [24.29532917, 44.84310287], [24.29534956, 44.84317266], [24.29538164, 44.8432477], [24.29542742, 44.84328491], [24.2954837, 44.84338813], [24.29549709, 44.84341271], [24.29549196, 44.84345148], [24.29545723, 44.84363372], [24.29580426, 44.84365031], [24.29620053, 44.8436632], [24.29703436, 44.84367919], [24.29750446, 44.84368819], [24.29750901, 44.84348427], [24.29750977, 44.84345009], [24.29754981, 44.84345106], [24.29762952, 44.84345299], [24.2976294, 44.84333285], [24.29754929, 44.8433326], [24.29695155, 44.8433308], [24.29663619, 44.84332991], [24.29657024, 44.84332973], [24.29641553, 44.84332563], [24.29636646, 44.84332433], [24.29635793, 44.84332411], [24.29624417, 44.84332109], [24.29622804, 44.84332067], [24.2962283, 44.84331598], [24.29623146, 44.84325879], [24.29608392, 44.84324773], [24.29605472, 44.84324952], [24.29605603, 44.84322245], [24.29616109, 44.84323127], [24.29616116, 44.84323127], [24.29623338, 44.84323734], [24.29623648, 44.84320214], [24.29645636, 44.84320534], [24.29645577, 44.84322164], [24.29663166, 44.84321964], [24.29664956, 44.84321943], [24.29696869, 44.84322792], [24.29754881, 44.84322076], [24.2990122, 44.84320268], [24.29898217, 44.84305636], [24.29861746, 44.84306362], [24.2986002, 44.84280088], [24.2966048, 44.84295082], [24.29639206, 44.8429668], [24.29585808, 44.84296787], [24.29572955, 44.84296299], [24.29534359, 44.84294833], [24.29533781, 44.84297391], [24.29533076, 44.8430887]]], [[[24.29617522, 44.84434931], [24.29635708, 44.8443499], [24.29645565, 44.84435237], [24.29647164, 44.84419142], [24.29635878, 44.84418757], [24.29630646, 44.84418492], [24.29618142, 44.84418091], [24.29588044, 44.84416915], [24.29582632, 44.84416487], [24.2957047, 44.84415526], [24.29563024, 44.84414547], [24.29549571, 44.84413632], [24.29544926, 44.84412873], [24.29539569, 44.8441084], [24.29537175, 44.8441453], [24.29531956, 44.84413428], [24.29525869, 44.844129], [24.29523099, 44.84434448], [24.29538128, 44.84434774], [24.29545958, 44.84434459], [24.29547221, 44.84434029], [24.29554899, 44.84434883], [24.29570412, 44.84435099], [24.29579815, 44.84434536], [24.29617522, 44.84434931]]], [[[24.29702116, 44.84477602], [24.29647855, 44.84475308], [24.29636471, 44.84474517], [24.29618978, 44.84473303], [24.29616114, 44.84473067], [24.29532513, 44.84466217], [24.29538736, 44.8448201], [24.29542244, 44.84499124], [24.29542226, 44.84502563], [24.29542216, 44.84503396], [24.29543389, 44.84503404], [24.29544888, 44.84504262], [24.29550285, 44.84506797], [24.29557032, 44.84505876], [24.29561313, 44.84504563], [24.29580401, 44.8450107], [24.29596076, 44.84499057], [24.29614076, 44.84498785], [24.29615314, 44.84494751], [24.2961558, 44.84493881], [24.2961782, 44.84486573], [24.29645497, 44.84490808], [24.29700232, 44.84495128], [24.29702116, 44.84477602]]], [[[24.29545505, 44.84519093], [24.29538298, 44.84530216], [24.29558679, 44.84531402], [24.29555189, 44.84521277], [24.29555186, 44.84521272], [24.29555161, 44.845212], [24.2955411, 44.84517305], [24.29552698, 44.84510613], [24.29545505, 44.84519093]]], [[[24.29621476, 44.84585742], [24.29616699, 44.84590299], [24.29661424, 44.84601139], [24.29687022, 44.8461879], [24.29691547, 44.84630443], [24.29709754, 44.84637998], [24.29727888, 44.84641357], [24.29751558, 44.84645371], [24.29776459, 44.84649936], [24.29797478, 44.84654088], [24.2981115, 44.84657812], [24.29836882, 44.84661655], [24.2987004, 44.84669723], [24.298756, 44.84671244], [24.29886702, 44.84639911], [24.29868906, 44.84636283], [24.29758261, 44.84613724], [24.29733596, 44.84615958], [24.29718577, 44.84612874], [24.2971277, 44.84607314], [24.29715968, 44.84589042], [24.29659546, 44.84579824], [24.29641911, 44.84577697], [24.29641916, 44.84577232], [24.29640743, 44.84577225], [24.29640733, 44.8457806], [24.29621476, 44.84585742]]], [[[24.29562207, 44.84557586], [24.29542041, 44.84557642], [24.29532523, 44.84558491], [24.29531074, 44.84558535], [24.29532338, 44.84564665], [24.29557542, 44.84602293], [24.29558989, 44.84601826], [24.29558982, 44.8460249], [24.29560154, 44.84602498], [24.29560165, 44.84601663], [24.29559605, 44.8460166], [24.29581299, 44.84595505], [24.29589982, 44.84593042], [24.29600463, 44.8459024], [24.29600269, 44.84589749], [24.29602235, 44.84589353], [24.29603407, 44.84589361], [24.29603418, 44.84588527], [24.29602245, 44.8458852], [24.29602235, 44.84589348], [24.29600267, 44.84589744], [24.29598967, 44.84586434], [24.29596271, 44.84580711], [24.29597738, 44.84577942], [24.29593486, 44.84568503], [24.29592173, 44.84563752], [24.29592054, 44.84557505], [24.29562207, 44.84557586]]], [[[24.29733378, 44.84592882], [24.29733368, 44.84593716], [24.2973454, 44.84593724], [24.29734551, 44.84592889], [24.29734782, 44.84592116], [24.29734777, 44.84592115], [24.29734544, 44.84592889], [24.29733378, 44.84592882]]], [[[24.29770737, 44.84597568], [24.2977049, 44.84598381], [24.29771636, 44.84598556], [24.29771883, 44.84597742], [24.29770737, 44.84597568]]], [[[24.31269735, 44.82409511], [24.31250459, 44.82413583], [24.31245237, 44.82410781], [24.31201557, 44.82418323], [24.31142681, 44.82428489], [24.31157366, 44.82436268], [24.31198572, 44.82470179], [24.31263183, 44.82523353], [24.3130337, 44.82556426], [24.3132139, 44.82571255], [24.31334196, 44.82585457], [24.31368944, 44.82623993], [24.31370548, 44.82625771], [24.31388993, 44.82646228], [24.31394209, 44.82649088], [24.31413292, 44.8265955], [24.31431711, 44.82669649], [24.31434081, 44.82670948], [24.31440792, 44.82673341], [24.31449826, 44.82676562], [24.3145879, 44.82679758], [24.31467687, 44.82682931], [24.31482129, 44.82688081], [24.31499526, 44.82694284], [24.31508132, 44.82697353], [24.31516676, 44.82700399], [24.31525161, 44.82703425], [24.31533586, 44.82706429], [24.31539064, 44.82708383], [24.31541924, 44.82709903], [24.3155012, 44.82714263], [24.31558233, 44.82718579], [24.31566372, 44.82722908], [24.31574329, 44.82727142], [24.31582304, 44.82731383], [24.31590091, 44.82735525], [24.31597794, 44.82739624], [24.31608437, 44.82745286], [24.316216, 44.82752287], [24.31636274, 44.82760093], [24.31638417, 44.82761232], [24.31658193, 44.82766329], [24.31672747, 44.82770081], [24.31677937, 44.82771418], [24.31687273, 44.82771475], [24.31690187, 44.82771493], [24.31697474, 44.82771536], [24.31727097, 44.82771715], [24.31749883, 44.82771853], [24.31871187, 44.82764353], [24.31870925, 44.82761052], [24.3187226, 44.82745014], [24.31869059, 44.82694655], [24.31868076, 44.82636482], [24.31867095, 44.82628492], [24.3187183, 44.8254115], [24.31872385, 44.82491271], [24.31872987, 44.82467618], [24.31870247, 44.82463992], [24.31867104, 44.82461551], [24.31863163, 44.82458492], [24.31817974, 44.82431066], [24.31775537, 44.82406646], [24.31754356, 44.82398639], [24.31748673, 44.82396277], [24.31738602, 44.82392091], [24.31728958, 44.82381443], [24.31719904, 44.82381265], [24.31712624, 44.82381122], [24.31709712, 44.82381064], [24.31695125, 44.82380776], [24.31680371, 44.82380485], [24.31658121, 44.82380046], [24.31643017, 44.82379749], [24.31629468, 44.82379482], [24.31618512, 44.82379265], [24.31610583, 44.82379108], [24.31602567, 44.8237895], [24.31599353, 44.82378887], [24.31594378, 44.82378432], [24.31586221, 44.82377686], [24.31577878, 44.82376923], [24.31569561, 44.82376162], [24.31561159, 44.82375394], [24.31552665, 44.82374617], [24.31544113, 44.82373835], [24.31535501, 44.82373048], [24.31526828, 44.82372255], [24.31518091, 44.82371456], [24.31500431, 44.82369841], [24.3148577, 44.82368501], [24.3147674, 44.82367674], [24.31467639, 44.82366843], [24.31458469, 44.82366004], [24.31449227, 44.82365158], [24.31448744, 44.82365114], [24.3143023, 44.82365091], [24.31414172, 44.82365069], [24.31410461, 44.82366575], [24.31384862, 44.82376966], [24.31383116, 44.82377674], [24.31345267, 44.82393035], [24.31342571, 44.8239413], [24.31312342, 44.82400514], [24.31269735, 44.82409511]]], [[[24.31153902, 44.8243892], [24.3115257, 44.82438215], [24.31144897, 44.8243415], [24.31137082, 44.8243001], [24.31126129, 44.82424208], [24.31101052, 44.82410924], [24.31097214, 44.82414079], [24.31086114, 44.82417638], [24.31078726, 44.82422014], [24.31070206, 44.82435806], [24.31057281, 44.82451602], [24.31041865, 44.82468522], [24.31027926, 44.82492501], [24.30963677, 44.82582644], [24.30975533, 44.82596496], [24.30982729, 44.82604903], [24.3098296, 44.82608415], [24.30983237, 44.8261265], [24.30919933, 44.82697378], [24.30923518, 44.82699741], [24.30930648, 44.82704443], [24.30938277, 44.82709473], [24.30954206, 44.82695041], [24.30958557, 44.82696513], [24.30969819, 44.82700324], [24.30981321, 44.82701557], [24.3098959, 44.82699403], [24.30995002, 44.82697995], [24.31007823, 44.82685004], [24.31038478, 44.82684603], [24.3104527, 44.82684515], [24.31052162, 44.82684425], [24.31093114, 44.82683889], [24.31097207, 44.82683836], [24.31124191, 44.8268877], [24.31142081, 44.82692041], [24.31148162, 44.82693153], [24.31157444, 44.82696399], [24.3117978, 44.82704209], [24.31187647, 44.82704261], [24.31211531, 44.82704418], [24.31218107, 44.82708549], [24.31228714, 44.82715214], [24.31234995, 44.82720374], [24.31263895, 44.82744122], [24.31273085, 44.82751672], [24.3130081, 44.82774589], [24.31307881, 44.82780536], [24.31321029, 44.82799223], [24.31337806, 44.82812773], [24.31320819, 44.82842889], [24.31315496, 44.82863814], [24.31305699, 44.82873989], [24.31305273, 44.82874966], [24.31304109, 44.82876373], [24.31301606, 44.828778], [24.31297091, 44.82879001], [24.31286094, 44.82881165], [24.31271721, 44.82885983], [24.31256815, 44.82891728], [24.31248818, 44.8289326], [24.31244086, 44.82893612], [24.31240973, 44.82893844], [24.3123465, 44.82894141], [24.31227999, 44.82895401], [24.31219283, 44.82899064], [24.31195003, 44.82909053], [24.31192455, 44.82911409], [24.31191842, 44.8291312], [24.31192883, 44.82915945], [24.31195251, 44.82919202], [24.31198474, 44.82922253], [24.31205116, 44.82923558], [24.31216942, 44.82922971], [24.31240199, 44.82922427], [24.31258772, 44.82921433], [24.31270394, 44.82919992], [24.31281857, 44.82916328], [24.31300874, 44.82912791], [24.31313183, 44.82908558], [24.31321379, 44.82903192], [24.31325497, 44.82901289], [24.3132875, 44.82900315], [24.31331479, 44.82902556], [24.31348264, 44.82910045], [24.31373205, 44.82917757], [24.31377684, 44.82919303], [24.31381369, 44.82921111], [24.31386472, 44.82923465], [24.31392203, 44.82925189], [24.31413689, 44.82933781], [24.31431368, 44.82940953], [24.31436292, 44.82944696], [24.31439109, 44.82949359], [24.31444109, 44.82957561], [24.31455535, 44.82976367], [24.31464586, 44.82990533], [24.31432461, 44.83031968], [24.31426256, 44.83044025], [24.31403014, 44.83061363], [24.3136546, 44.83069911], [24.31350584, 44.83073296], [24.31318906, 44.83088029], [24.31274234, 44.831141], [24.31273531, 44.83124513], [24.31282087, 44.83129127], [24.31297717, 44.83132817], [24.31314536, 44.83128883], [24.31347771, 44.83123783], [24.31369776, 44.83127945], [24.31380649, 44.83132755], [24.31380632, 44.83143416], [24.31341634, 44.83172715], [24.31304644, 44.83198157], [24.31282202, 44.83224264], [24.31278239, 44.83233747], [24.31278473, 44.83242101], [24.31282949, 44.83254074], [24.31282665, 44.83259506], [24.31301127, 44.83254587], [24.31312785, 44.83250575], [24.31355833, 44.83233812], [24.31406923, 44.83217018], [24.31446661, 44.83202102], [24.31467311, 44.83196432], [24.3148796, 44.83190761], [24.31560806, 44.83178418], [24.31592029, 44.8317373], [24.31611607, 44.83170561], [24.31755204, 44.83147321], [24.3175618, 44.83147164], [24.31785907, 44.83142555], [24.31788743, 44.83142116], [24.31800999, 44.83140184], [24.31816901, 44.83137677], [24.31820504, 44.83072147], [24.31829045, 44.83033351], [24.3184098, 44.8295768], [24.31847589, 44.82946648], [24.31848683, 44.82944255], [24.31853608, 44.8293348], [24.31858427, 44.82915483], [24.31868245, 44.82863588], [24.31875846, 44.82822853], [24.31871473, 44.82767946], [24.31864274, 44.82768391], [24.31826027, 44.82770757], [24.31808285, 44.82771854], [24.31792726, 44.82772817], [24.31767809, 44.82774358], [24.31750082, 44.82775454], [24.3173853, 44.82775384], [24.31715998, 44.82775248], [24.31688849, 44.82775084], [24.31677028, 44.82775012], [24.31655799, 44.82769541], [24.31635989, 44.82764435], [24.31632083, 44.82762357], [24.31623557, 44.82757821], [24.31613083, 44.82752251], [24.31596826, 44.82743603], [24.31577148, 44.82733135], [24.3157226, 44.82730536], [24.31567386, 44.82727943], [24.31538449, 44.82712549], [24.31536397, 44.82711458], [24.31517206, 44.82704615], [24.31503799, 44.82699834], [24.31481178, 44.82691768], [24.31471569, 44.82688342], [24.31431379, 44.82674011], [24.31426223, 44.82671185], [24.31397473, 44.82655421], [24.31386369, 44.82649333], [24.3138521, 44.82648698], [24.31361899, 44.82622844], [24.31348687, 44.82608193], [24.3133208, 44.82589777], [24.31317329, 44.82573416], [24.31308302, 44.82565989], [24.31296738, 44.82556471], [24.31286676, 44.82548191], [24.31258596, 44.82525082], [24.31226951, 44.82499039], [24.3122327, 44.8249601], [24.31219987, 44.82493308], [24.31192253, 44.82470484], [24.31174341, 44.82455742], [24.31164957, 44.82448019], [24.31153902, 44.8243892]]], [[[24.29808203, 44.84601954], [24.29808192, 44.84602789], [24.2980813, 44.84603037], [24.29808136, 44.84603038], [24.29808198, 44.84602789], [24.29809365, 44.84602796], [24.29809375, 44.84601962], [24.29808203, 44.84601954]]], [[[24.29847515, 44.84606853], [24.29846362, 44.84606704], [24.29846153, 44.84607526], [24.29847308, 44.84607673], [24.29847515, 44.84606853]]], [[[24.29895232, 44.84614014], [24.29895102, 44.84614549], [24.29896256, 44.84614696], [24.29896378, 44.84614192], [24.29896457, 44.8461387], [24.29895301, 44.84613728], [24.29895232, 44.84614014]]], [[[24.29938039, 44.84615371], [24.29933448, 44.84631772], [24.29948022, 44.84634444], [24.29998621, 44.84642699], [24.30052774, 44.84651836], [24.30060637, 44.84653155], [24.30071443, 44.8465522], [24.30076706, 44.84656352], [24.30092357, 44.84659716], [24.30096535, 44.84660755], [24.30097589, 44.84659644], [24.3011113, 44.84645384], [24.30111168, 44.84644428], [24.30107313, 44.84643534], [24.3010732, 44.8464296], [24.30106147, 44.84642952], [24.30106142, 44.8464337], [24.3009796, 44.84641861], [24.30066223, 44.84636619], [24.30056722, 44.84635139], [24.30056727, 44.8463482], [24.30055554, 44.84634813], [24.30055552, 44.84634957], [24.30034658, 44.84631579], [24.30001148, 44.84625853], [24.3000114, 44.8462585], [24.30001159, 44.84625792], [24.30002325, 44.846258], [24.30002335, 44.84624966], [24.30001162, 44.84624959], [24.30001153, 44.84625792], [24.30001133, 44.8462585], [24.29955183, 44.84618084], [24.29949258, 44.84617104], [24.29949264, 44.84616588], [24.29948091, 44.8461658], [24.29948088, 44.84616911], [24.29942424, 44.84615974], [24.29938039, 44.84615371]]], [[[24.30058577, 44.8470031], [24.3006465, 44.84694792], [24.3007801, 44.84680483], [24.30043515, 44.84674482], [24.30024624, 44.84670941], [24.30024618, 44.8467094], [24.30016945, 44.84669824], [24.29973506, 44.84663506], [24.29965235, 44.84679488], [24.29953784, 44.84697633], [24.29970528, 44.84704159], [24.29982853, 44.84709353], [24.29992009, 44.84712373], [24.30008018, 44.84711846], [24.30032129, 44.84706248], [24.30031339, 44.84700545], [24.30058577, 44.8470031]]]]}}, {"type": "Feature", "properties": {"tarla": "20", "nr_parcele": 58, "suprafata_totala": 239873}, "geometry": {"type": "MultiPolygon", "coordinates": [[[[24.30531535, 44.82844253], [24.30522314, 44.82857574], [24.3049132, 44.82875177], [24.30486014, 44.82885821], [24.30470848, 44.82903285], [24.30465863, 44.82922554], [24.30470662, 44.82923917], [24.30475462, 44.82925279], [24.30477092, 44.829299], [24.3045985, 44.82947718], [24.3045106, 44.82956803], [24.30439294, 44.82963891], [24.30419575, 44.82975773], [24.30410261, 44.82982724], [24.30394506, 44.82994487], [24.3037503, 44.8302722], [24.30364416, 44.83045058], [24.30357309, 44.83057002], [24.30356424, 44.83058577], [24.30342514, 44.83083347], [24.30338375, 44.83090718], [24.30333976, 44.83098551], [24.30330694, 44.83108122], [24.30539091, 44.83152114], [24.30567682, 44.83158149], [24.30598085, 44.83164567], [24.30654799, 44.83176538], [24.3071066, 44.83188328], [24.30790496, 44.83205179], [24.30819281, 44.83211249], [24.30842799, 44.83216208], [24.30866197, 44.83221142], [24.3089455, 44.8322712], [24.3092506, 44.83233555], [24.30958314, 44.83240567], [24.30973968, 44.83243867], [24.30976506, 44.83244393], [24.31035065, 44.8325438], [24.31121106, 44.83254947], [24.3124389, 44.83255755], [24.31249219, 44.83239174], [24.31252559, 44.83228776], [24.31255584, 44.83219364], [24.31258942, 44.8320891], [24.31260879, 44.83202884], [24.31266925, 44.83184063], [24.31262486, 44.83182144], [24.31242362, 44.83173444], [24.31244729, 44.83152273], [24.31242367, 44.831443], [24.31236101, 44.8312313], [24.31251694, 44.8310502], [24.3126857, 44.83085417], [24.31275227, 44.83077685], [24.31276599, 44.83030678], [24.31266908, 44.83026358], [24.31115418, 44.8302518], [24.3098822, 44.82901108], [24.30992593, 44.828983], [24.31035802, 44.82838671], [24.30974414, 44.8284446], [24.30968071, 44.82847414], [24.30962925, 44.82847343], [24.30891873, 44.82847057], [24.30877654, 44.82851857], [24.30739015, 44.82770097], [24.30696663, 44.82777866], [24.30685488, 44.82779916], [24.30672512, 44.82782296], [24.30661041, 44.827844], [24.30656013, 44.82785323], [24.30658781, 44.82792144], [24.30667382, 44.82802462], [24.3067494, 44.8280786], [24.3079618, 44.82879361], [24.30853846, 44.82908705], [24.30883813, 44.82913665], [24.30884394, 44.82913938], [24.30884161, 44.82914745], [24.3087792, 44.8291708], [24.30871177, 44.82920413], [24.30860381, 44.82923602], [24.30857788, 44.82927006], [24.30852361, 44.82929266], [24.30842649, 44.82931741], [24.30840647, 44.82932867], [24.30823021, 44.82942772], [24.30822747, 44.82944056], [24.30821577, 44.82944764], [24.30828413, 44.8296051], [24.30818133, 44.82967162], [24.30807797, 44.8296532], [24.30756995, 44.82956271], [24.30755898, 44.82956021], [24.30749883, 44.82954757], [24.30753484, 44.82945932], [24.30757467, 44.82936182], [24.30762698, 44.82925457], [24.30764576, 44.82923927], [24.3076822, 44.82922564], [24.30774224, 44.82919176], [24.30783127, 44.82911824], [24.30788176, 44.8290293], [24.30757076, 44.82894191], [24.30742211, 44.82891073], [24.30724006, 44.82882792], [24.3069294, 44.82867946], [24.30679406, 44.82862371], [24.30666169, 44.82855627], [24.30604636, 44.82821865], [24.3058949, 44.82816017], [24.30531535, 44.82844253]]], [[[24.29473266, 44.83974153], [24.29499415, 44.83982365], [24.29506731, 44.8398576], [24.29524156, 44.83997379], [24.29561986, 44.84023398], [24.29574113, 44.84034249], [24.29587056, 44.84039818], [24.29608663, 44.84046316], [24.29619008, 44.84046705], [24.29622129, 44.84010552], [24.29622205, 44.83994956], [24.29622311, 44.83972724], [24.29599199, 44.83971514], [24.29592919, 44.83972634], [24.29564363, 44.83967205], [24.29486152, 44.83952333], [24.29483253, 44.83958638], [24.29478514, 44.83968947], [24.29473266, 44.83974153]]]]}}, {"type": "Feature", "properties": {"tarla": "21", "nr_parcele": 152, "suprafata_totala": 503518}, "geometry": {"type": "MultiPolygon", "coordinates": [[[[24.29820694, 44.82390321], [24.29820731, 44.8239107], [24.29816857, 44.82394853], [24.29815141, 44.82398931], [24.29811395, 44.82407844], [24.29811262, 44.82410634], [24.2981065, 44.82416579], [24.29810133, 44.82421614], [24.2980889, 44.82433716], [24.29808073, 44.82441666], [24.29807684, 44.82445439], [24.29806923, 44.82452847], [24.29793632, 44.82451209], [24.29792991, 44.82461683], [24.29791939, 44.82478886], [24.2983741, 44.82479786], [24.29837294, 44.82508311], [24.29836976, 44.82523663], [24.29836748, 44.82534739], [24.29836485, 44.82547412], [24.29835166, 44.82559292], [24.29834509, 44.82565226], [24.29832713, 44.82581408], [24.29856651, 44.82581974], [24.29836392, 44.82603005], [24.29827571, 44.82612162], [24.29801469, 44.82611397], [24.29799194, 44.82636138], [24.2979593, 44.82662965], [24.29795661, 44.82665171], [24.29795033, 44.82671484], [24.29794186, 44.82680013], [24.29793251, 44.82689427], [24.2980718, 44.82689812], [24.30027646, 44.82695907], [24.30026831, 44.82708004], [24.29803627, 44.82701833], [24.2979205, 44.82701512], [24.29790928, 44.82712802], [24.29789584, 44.82726335], [24.29788997, 44.82732235], [24.29787557, 44.8274673], [24.29787269, 44.82749627], [24.29786934, 44.82753008], [24.29786136, 44.82761035], [24.29780115, 44.82760888], [24.29775066, 44.82787695], [24.29682899, 44.82781396], [24.29679415, 44.82794795], [24.29676087, 44.82807604], [24.29668255, 44.82822138], [24.29659896, 44.82837654], [24.29670568, 44.82865951], [24.29672349, 44.82862283], [24.29680343, 44.82857154], [24.2968608, 44.82855616], [24.29692454, 44.82855379], [24.29703887, 44.82857516], [24.29715588, 44.82866438], [24.29725385, 44.8287812], [24.29735423, 44.82898423], [24.29737087, 44.82910923], [24.29741169, 44.82923438], [24.29745519, 44.82933937], [24.29756082, 44.82948373], [24.29767855, 44.82957984], [24.29796053, 44.82976564], [24.29809155, 44.82982494], [24.29816249, 44.82987162], [24.29817952, 44.82985708], [24.29825915, 44.82988939], [24.2984061, 44.82994902], [24.29851789, 44.82998362], [24.29854505, 44.82999203], [24.29868549, 44.83000888], [24.29879156, 44.83009795], [24.29902979, 44.83016211], [24.29985151, 44.83033552], [24.30140749, 44.83068425], [24.30142994, 44.83047643], [24.30144398, 44.83022793], [24.30145357, 44.83004354], [24.30145635, 44.82998989], [24.30147239, 44.82968135], [24.30147634, 44.82960551], [24.30148654, 44.82940917], [24.30149185, 44.82930713], [24.30149625, 44.82922261], [24.30150355, 44.82908198], [24.30150618, 44.8290314], [24.30151721, 44.82881919], [24.30152387, 44.82869087], [24.30152834, 44.8286048], [24.30153962, 44.82838807], [24.3015405, 44.82837085], [24.30155387, 44.82815606], [24.30156766, 44.82793467], [24.30157463, 44.82782264], [24.30158182, 44.82770718], [24.30159038, 44.82757111], [24.30160966, 44.82726488], [24.3016267, 44.82699449], [24.30164368, 44.82672476], [24.30165273, 44.82658092], [24.30165726, 44.82650904], [24.30167594, 44.82621236], [24.30168249, 44.82610835], [24.30169601, 44.82589358], [24.30170621, 44.82573158], [24.30170994, 44.82567218], [24.30171744, 44.82555323], [24.30172541, 44.82542663], [24.30173306, 44.82530529], [24.30175549, 44.82496423], [24.30179072, 44.82443141], [24.30179405, 44.82438108], [24.30179706, 44.82429507], [24.30179894, 44.82424088], [24.30180198, 44.82415381], [24.30180503, 44.82406659], [24.30180808, 44.82397922], [24.30181452, 44.82379533], [24.30182142, 44.82359777], [24.30076014, 44.82345936], [24.29997645, 44.82341071], [24.29979054, 44.82341805], [24.29949202, 44.82345751], [24.29921767, 44.82351985], [24.29900418, 44.82355056], [24.29870991, 44.82354923], [24.29847023, 44.82351246], [24.29817483, 44.82352857], [24.29819524, 44.82354734], [24.29820205, 44.82357103], [24.29820055, 44.82359849], [24.29819958, 44.82361585], [24.29820075, 44.82370648], [24.29820197, 44.82380142], [24.29820694, 44.82390321]]], [[[24.29875393, 44.83543894], [24.29878702, 44.8354292], [24.29878678, 44.83542422], [24.29810511, 44.83528407], [24.29735106, 44.83513033], [24.29722874, 44.83547877], [24.29710628, 44.83571453], [24.29742215, 44.83581012], [24.29749187, 44.83582536], [24.29765964, 44.83575006], [24.29774783, 44.83571285], [24.2979274, 44.83562928], [24.29812511, 44.83557328], [24.2985758, 44.83547407], [24.29875393, 44.83543894]]], [[[24.29690825, 44.83638764], [24.29690842, 44.83639664], [24.29692107, 44.83639672], [24.29692088, 44.83638751], [24.29690825, 44.83638764]]], [[[24.29748984, 44.83692016], [24.29758696, 44.8369094], [24.29789466, 44.8368753], [24.29806422, 44.83684911], [24.29941627, 44.83662808], [24.2994638, 44.83661069], [24.29939357, 44.83638194], [24.29804683, 44.83656102], [24.29793486, 44.83657329], [24.2977473, 44.83660939], [24.2974362, 44.83666925], [24.2973366, 44.8366728], [24.29732821, 44.83667311], [24.29723952, 44.83665907], [24.29710369, 44.83662495], [24.29684219, 44.83655185], [24.29674263, 44.83674911], [24.29672246, 44.83678907], [24.29679397, 44.83680979], [24.29713113, 44.83690749], [24.2972823, 44.83693821], [24.29730622, 44.83694052], [24.29731022, 44.83694007], [24.29743099, 44.83692669], [24.29748984, 44.83692016]]], [[[24.29700554, 44.83801877], [24.29718401, 44.83802687], [24.29714983, 44.83788649], [24.29689938, 44.83791734], [24.2966311, 44.83792186], [24.29663204, 44.83799114], [24.29700554, 44.83801877]]], [[[24.29765265, 44.83806537], [24.29754234, 44.83810448], [24.29739416, 44.83813653], [24.29717853, 44.83818319], [24.29713254, 44.83819314], [24.29710623, 44.83819545], [24.29700675, 44.83820418], [24.29693242, 44.83820027], [24.29671539, 44.83818888], [24.2965796, 44.83818318], [24.29654726, 44.8382386], [24.29647064, 44.83834509], [24.29657523, 44.83835921], [24.29667974, 44.83836767], [24.29669966, 44.83836928], [24.29684316, 44.83837922], [24.29707827, 44.83836025], [24.29715583, 44.83834099], [24.29727867, 44.83831049], [24.29746134, 44.83826212], [24.2976824, 44.83819718], [24.29802166, 44.83807672], [24.29853329, 44.83790028], [24.29844202, 44.83777734], [24.29798703, 44.83793429], [24.29792007, 44.83795821], [24.29765265, 44.83806537]]], [[[24.29719913, 44.83869207], [24.29682352, 44.83873198], [24.29674072, 44.83874078], [24.29663237, 44.83874074], [24.29652402, 44.83874071], [24.29631118, 44.83873205], [24.29627463, 44.8389347], [24.29626677, 44.83901549], [24.29628648, 44.83910372], [24.29632916, 44.83918051], [24.2963332, 44.83918849], [24.29634633, 44.83921424], [24.29635572, 44.83925428], [24.29636117, 44.83929735], [24.29635068, 44.8394439], [24.29673953, 44.83947089], [24.29689875, 44.83948657], [24.29697126, 44.83949915], [24.29785977, 44.83965328], [24.29790879, 44.83945653], [24.29788098, 44.83945181], [24.29790299, 44.83913942], [24.29789342, 44.83913397], [24.29885473, 44.83904705], [24.29885133, 44.83895967], [24.29884687, 44.83884492], [24.2988455, 44.83880984], [24.29879234, 44.8385494], [24.2972433, 44.83868548], [24.29722122, 44.83868877], [24.29719913, 44.83869207]]], [[[24.29630237, 44.83983673], [24.29630545, 44.83987731], [24.29630344, 44.84010278], [24.29630631, 44.840241], [24.29632577, 44.84032731], [24.29636725, 44.8404785], [24.29640905, 44.84052385], [24.29658938, 44.84059192], [24.29685851, 44.84068905], [24.29697818, 44.84071536], [24.29707722, 44.84071975], [24.29719771, 44.84071362], [24.29720954, 44.84061024], [24.29721694, 44.84054559], [24.29777995, 44.84056379], [24.29779164, 44.84048824], [24.2977945, 44.84044138], [24.29780946, 44.84033391], [24.2978109, 44.84031721], [24.2978099, 44.84015853], [24.29780971, 44.84012929], [24.29763363, 44.84010064], [24.29765875, 44.84009146], [24.29767407, 44.83997471], [24.29767028, 44.8398993], [24.29769049, 44.83982902], [24.29767736, 44.83982491], [24.29763665, 44.83981334], [24.29742699, 44.83975381], [24.29723855, 44.83969529], [24.29717612, 44.83967461], [24.29711301, 44.83966004], [24.29707731, 44.83965518], [24.29699012, 44.83964988], [24.29685552, 44.8396418], [24.29670392, 44.83963269], [24.29654599, 44.83961572], [24.29639317, 44.83959879], [24.29632629, 44.83959462], [24.29633186, 44.83960261], [24.2963264, 44.83964291], [24.29631418, 44.83973339], [24.29630408, 44.83976617], [24.29630237, 44.83983673]]], [[[24.29777101, 44.84065911], [24.29778353, 44.84065904], [24.29778363, 44.84066177], [24.29778373, 44.84066176], [24.29778362, 44.84065904], [24.29778326, 44.84064984], [24.29777062, 44.84065012], [24.29777101, 44.84065911]]], [[[24.30189821, 44.82429618], [24.30189516, 44.82438367], [24.30189193, 44.82443256], [24.30185668, 44.82496581], [24.30183409, 44.82530891], [24.30182631, 44.82543282], [24.30181816, 44.8255619], [24.30181068, 44.8256808], [24.30180323, 44.82579899], [24.30179293, 44.82596243], [24.30178289, 44.82612211], [24.30175831, 44.82651252], [24.30175378, 44.8265845], [24.30174472, 44.82672843], [24.30172771, 44.82699833], [24.30171062, 44.82726982], [24.3016918, 44.82757445], [24.30168365, 44.82769802], [24.3016416, 44.82837377], [24.30153419, 44.83044025], [24.30148233, 44.83044234], [24.30148046, 44.83047847], [24.30145655, 44.83069979], [24.30319051, 44.83105727], [24.30335444, 44.83076534], [24.30347951, 44.83054262], [24.30351229, 44.83048754], [24.30354651, 44.83043001], [24.30358086, 44.83037231], [24.30370605, 44.83016191], [24.30384678, 44.82992538], [24.30385908, 44.82990471], [24.30396863, 44.82981605], [24.30412754, 44.82968742], [24.30440766, 44.82949147], [24.30460065, 44.82928534], [24.30456266, 44.82919827], [24.30451508, 44.82908918], [24.30447609, 44.82899981], [24.3044898, 44.82898277], [24.30461287, 44.82882987], [24.30471421, 44.82865684], [24.30484378, 44.82853396], [24.30497769, 44.82839414], [24.30502711, 44.82832338], [24.30515341, 44.82837369], [24.3053691, 44.82820275], [24.3051703, 44.8281745], [24.30519083, 44.82815629], [24.30534243, 44.82807558], [24.30535761, 44.82806748], [24.30540982, 44.82803299], [24.30544224, 44.82798785], [24.30546696, 44.82796573], [24.30549499, 44.82795416], [24.30527784, 44.82771515], [24.30536598, 44.82769274], [24.30552197, 44.82765308], [24.3055963, 44.82758232], [24.30560673, 44.82757238], [24.30562243, 44.82752108], [24.30565436, 44.82741677], [24.3056811, 44.82732937], [24.30570029, 44.82726663], [24.30571278, 44.82722935], [24.30572665, 44.82715208], [24.30574217, 44.82706537], [24.30574903, 44.82703426], [24.30575999, 44.82698446], [24.30576141, 44.82697984], [24.30577801, 44.82692594], [24.30579864, 44.82685891], [24.30584293, 44.82678389], [24.30588045, 44.82674766], [24.30588239, 44.82674522], [24.30590274, 44.82671968], [24.30591984, 44.82667778], [24.30592505, 44.82665927], [24.30594392, 44.8265923], [24.30595689, 44.82657155], [24.30596681, 44.82655564], [24.30599839, 44.82652702], [24.30604844, 44.82650407], [24.30611316, 44.82647843], [24.30617263, 44.82644339], [24.30618595, 44.82642826], [24.30625325, 44.82635187], [24.30631519, 44.82628155], [24.30632127, 44.82627663], [24.30640712, 44.826207], [24.30640925, 44.82620598], [24.30652311, 44.8261508], [24.30664209, 44.82611129], [24.30606778, 44.82603792], [24.30607367, 44.82601714], [24.30618564, 44.82562294], [24.30620378, 44.82555903], [24.30622233, 44.82549375], [24.30622377, 44.82541826], [24.30622787, 44.82537093], [24.30624445, 44.82517874], [24.30626357, 44.82504385], [24.30628488, 44.82490069], [24.30629872, 44.82476193], [24.30633047, 44.82457162], [24.30636926, 44.82441754], [24.30646874, 44.82422497], [24.30664415, 44.82395383], [24.30668275, 44.8238818], [24.30669631, 44.82385648], [24.30675949, 44.82377936], [24.30690012, 44.82366369], [24.30699936, 44.82360284], [24.307122, 44.82355173], [24.3072608, 44.82345295], [24.3073767, 44.82336247], [24.30747625, 44.82325645], [24.3076125, 44.82316463], [24.30773832, 44.8231217], [24.30765898, 44.82309639], [24.30753567, 44.82308707], [24.30733543, 44.82308905], [24.30719033, 44.82307843], [24.30707354, 44.82304819], [24.30683289, 44.82296073], [24.30664508, 44.82289975], [24.30652054, 44.82289965], [24.30638547, 44.82293163], [24.30628224, 44.82299992], [24.3060382, 44.82325464], [24.30600599, 44.8232858], [24.3054886, 44.82368473], [24.305478, 44.82369291], [24.30502361, 44.82383899], [24.3045624, 44.82388426], [24.3043984, 44.82387606], [24.30363041, 44.82383765], [24.3035977, 44.82383476], [24.30354565, 44.82382945], [24.30277298, 44.82376196], [24.30192214, 44.82361133], [24.30191519, 44.8238106], [24.30190961, 44.82397006], [24.3019039, 44.82413356], [24.30189821, 44.82429618]]]]}}, {"type": "Feature", "properties": {"tarla": "22", "nr_parcele": 42, "suprafata_totala": 102187}, "geometry": {"type": "MultiPolygon", "coordinates": [[[[24.29355953, 44.82652321], [24.29355678, 44.82654525], [24.29353764, 44.82669858], [24.29353299, 44.82676287], [24.29389891, 44.82678679], [24.29408219, 44.8267971], [24.29411343, 44.82678049], [24.29412568, 44.82679112], [24.29412153, 44.82683853], [24.29410885, 44.8268466], [24.29407664, 44.82707596], [24.29422042, 44.82709288], [24.29427963, 44.82709412], [24.29443108, 44.82709729], [24.29461073, 44.82709912], [24.29478977, 44.82710094], [24.2949458, 44.82710253], [24.29496962, 44.8271031], [24.29508869, 44.82710596], [24.29520774, 44.82710882], [24.2953271, 44.82711168], [24.29550805, 44.82711602], [24.29562052, 44.82711871], [24.29568918, 44.82712345], [24.2968035, 44.82720036], [24.29680807, 44.82715001], [24.29681264, 44.82709967], [24.29682174, 44.82699908], [24.29683088, 44.82689819], [24.29684001, 44.82679729], [24.2968793, 44.82636346], [24.29691329, 44.82598831], [24.29694635, 44.82562303], [24.29657977, 44.82558527], [24.29640618, 44.82556737], [24.29636683, 44.82556332], [24.29604406, 44.82555298], [24.29583214, 44.82554518], [24.29565383, 44.82553731], [24.29565376, 44.82553731], [24.29565108, 44.82553716], [24.29547062, 44.82552736], [24.29535159, 44.8255209], [24.29529519, 44.82551784], [24.29523271, 44.82551615], [24.29511369, 44.82551293], [24.29508259, 44.82551208], [24.29503626, 44.82550966], [24.29493441, 44.82550431], [24.29475606, 44.82549496], [24.29472382, 44.82549327], [24.29458777, 44.82548613], [24.29422793, 44.82547263], [24.29400677, 44.82546787], [24.29395811, 44.82546682], [24.29369196, 44.82544824], [24.29363015, 44.82624755], [24.29357486, 44.82647499], [24.29355953, 44.82652321]]], [[[24.29682727, 44.82721556], [24.29680228, 44.82721384], [24.29561927, 44.82713219], [24.29494534, 44.82711603], [24.29445183, 44.82711104], [24.29443436, 44.82711086], [24.29421836, 44.82710629], [24.29405965, 44.82710623], [24.29403048, 44.82710796], [24.293746, 44.82710716], [24.29373063, 44.82710808], [24.29370872, 44.82715649], [24.29368033, 44.82721919], [24.29389668, 44.82733453], [24.29397877, 44.82740094], [24.294206, 44.82753727], [24.29438963, 44.82762008], [24.29457866, 44.82768623], [24.29459039, 44.82763453], [24.29465095, 44.8276283], [24.29480799, 44.82762778], [24.2949804, 44.82764258], [24.29506469, 44.82765087], [24.29513523, 44.82766368], [24.29518943, 44.82767351], [24.29525096, 44.82767916], [24.29534766, 44.82769291], [24.29548347, 44.82773264], [24.29552322, 44.82773102], [24.29565823, 44.82774874], [24.29625333, 44.82789116], [24.29674223, 44.82807293], [24.29686367, 44.82760607], [24.29696282, 44.82722493], [24.29682727, 44.82721556]]], [[[24.29515656, 44.83729161], [24.29488682, 44.83714851], [24.29483312, 44.83754847], [24.29436378, 44.83743296], [24.29409976, 44.83736797], [24.29386209, 44.83730948], [24.29372062, 44.83742245], [24.29382016, 44.83752854], [24.29386619, 44.83758761], [24.29392412, 44.83773023], [24.29396837, 44.83784754], [24.29411797, 44.83804267], [24.2942494, 44.83817715], [24.29436152, 44.83825593], [24.29455818, 44.83833696], [24.2945523, 44.83834417], [24.29456244, 44.83834835], [24.29456832, 44.83834114], [24.2947074, 44.83838393], [24.29480632, 44.83840629], [24.29503153, 44.83841672], [24.29514623, 44.8384343], [24.29522306, 44.83847531], [24.2952584, 44.83853485], [24.29527545, 44.83860937], [24.29527569, 44.83867649], [24.29527383, 44.83888281], [24.29527137, 44.83890794], [24.29526657, 44.83895725], [24.29522278, 44.83904764], [24.29519044, 44.83909045], [24.29506947, 44.83925056], [24.29499765, 44.8393457], [24.29489631, 44.83947857], [24.29486152, 44.83952333], [24.29564363, 44.83967205], [24.29592919, 44.83972634], [24.29599199, 44.83971514], [24.29622311, 44.83972724], [24.29623637, 44.83958536], [24.29624591, 44.83944585], [24.29623987, 44.83930086], [24.29619541, 44.83913763], [24.29616189, 44.83898133], [24.29616262, 44.83895796], [24.29616333, 44.83893459], [24.29621723, 44.83871699], [24.29629188, 44.83852572], [24.29638824, 44.83833213], [24.29649188, 44.83817247], [24.29652717, 44.83799969], [24.29653308, 44.83793015], [24.29653337, 44.83774366], [24.29656571, 44.83747392], [24.29653328, 44.83717642], [24.29654358, 44.83704974], [24.29655219, 44.83702035], [24.29657268, 44.83695042], [24.29653049, 44.83689264], [24.29650087, 44.83685206], [24.29644047, 44.83675813], [24.29641098, 44.83664926], [24.29642248, 44.83664768], [24.29642028, 44.83663949], [24.29640875, 44.83664107], [24.29639748, 44.83659944], [24.29637204, 44.83650554], [24.29634758, 44.83632293], [24.29633819, 44.83625279], [24.29634992, 44.83625287], [24.29635002, 44.83624453], [24.2963383, 44.83624446], [24.29627393, 44.8358997], [24.29627404, 44.83589136], [24.29626896, 44.83589133], [24.29622928, 44.83579441], [24.29612962, 44.83566711], [24.2960094, 44.83553847], [24.29600949, 44.83553013], [24.29599776, 44.83553005], [24.29589755, 44.83548002], [24.29571156, 44.83542059], [24.29564766, 44.83540351], [24.29558342, 44.83539369], [24.29555726, 44.83540057], [24.29554996, 44.83540747], [24.29553259, 44.8354239], [24.29553071, 44.83545892], [24.2955458, 44.83547858], [24.29568731, 44.83566249], [24.29570098, 44.83567824], [24.295701, 44.83567829], [24.29577104, 44.8357648], [24.29580509, 44.83581961], [24.29583542, 44.83593739], [24.29582535, 44.83597366], [24.29582534, 44.83597371], [24.29574479, 44.83625988], [24.29574386, 44.83631758], [24.29574386, 44.83631762], [24.29573762, 44.83649901], [24.29579121, 44.83653157], [24.2959434, 44.83660294], [24.29595445, 44.83664144], [24.29598606, 44.83673603], [24.29599053, 44.8368887], [24.29599387, 44.83700286], [24.29597354, 44.83708892], [24.2959163, 44.83733117], [24.29553147, 44.83728487], [24.29546826, 44.83760329], [24.2954378, 44.8377567], [24.29538456, 44.83775002], [24.29519863, 44.83772675], [24.29508456, 44.83771248], [24.2951058, 44.83758831], [24.29515656, 44.83729161]]]]}}, {"type": "Feature", "properties": {"tarla": "23", "nr_parcele": 10, "suprafata_totala": 59563}, "geometry": {"type": "MultiPolygon", "coordinates": [[[[24.28887081, 44.82494608], [24.28838497, 44.8248982], [24.287882, 44.82480924], [24.28740234, 44.82470548], [24.28683182, 44.82457422], [24.28673931, 44.82452942], [24.28667408, 44.82464354], [24.28666562, 44.82497891], [24.28669569, 44.82515278], [24.28676757, 44.82516609], [24.28678152, 44.82520993], [24.28670182, 44.82524174], [24.28667579, 44.82535254], [24.28669493, 44.82568974], [24.28672178, 44.82605869], [24.28681488, 44.82634682], [24.28682309, 44.82640616], [24.28683689, 44.82654122], [24.28685017, 44.82670219], [24.28684466, 44.826857], [24.28668255, 44.82701585], [24.28651348, 44.82715709], [24.28615619, 44.82746339], [24.28606326, 44.8275492], [24.28590373, 44.82764704], [24.28568605, 44.82778831], [24.28523456, 44.82801622], [24.28478493, 44.82815215], [24.28476503, 44.82825537], [24.28459216, 44.82842053], [24.28449738, 44.82858045], [24.28446539, 44.82866116], [24.28449395, 44.8286786], [24.28474214, 44.82848046], [24.28503003, 44.82835832], [24.28525508, 44.82827429], [24.28560402, 44.82815501], [24.28579649, 44.82804653], [24.28596561, 44.82793536], [24.28616367, 44.82780518], [24.2863205, 44.8277021], [24.28644268, 44.8276162], [24.28663321, 44.82747464], [24.2868391, 44.82733823], [24.28704569, 44.82721161], [24.28724058, 44.82708503], [24.28742034, 44.82695461], [24.28744778, 44.82692837], [24.28747038, 44.82689859], [24.28761832, 44.82678994], [24.28778407, 44.82667576], [24.28818804, 44.82639932], [24.28846355, 44.82619837], [24.2885872, 44.8261306], [24.28878333, 44.82598792], [24.2888932, 44.82590594], [24.28899331, 44.82581631], [24.28930005, 44.82557404], [24.2895984, 44.82541754], [24.28944469, 44.82534807], [24.28960719, 44.82516598], [24.28921196, 44.82510678], [24.28921808, 44.82503441], [24.28964993, 44.82507442], [24.28995862, 44.82511912], [24.28997471, 44.82509742], [24.28999299, 44.82507024], [24.2898985, 44.82505517], [24.28980746, 44.82504108], [24.28980836, 44.82503646], [24.28979673, 44.82503544], [24.28979594, 44.82503957], [24.28953498, 44.82501742], [24.28922952, 44.82498527], [24.28887081, 44.82494608]]], [[[24.29567074, 44.83646816], [24.2956619, 44.83646383], [24.29559536, 44.83644549], [24.29545178, 44.83641871], [24.29530853, 44.83640315], [24.29514002, 44.83642121], [24.29481877, 44.83645562], [24.29478441, 44.83646468], [24.2946979, 44.83652525], [24.29454422, 44.83670705], [24.29450441, 44.83679211], [24.29452376, 44.83682568], [24.29448069, 44.83685659], [24.29434769, 44.83698973], [24.29429686, 44.83704062], [24.29421674, 44.83711125], [24.29386209, 44.83730948], [24.29409976, 44.83736797], [24.29436378, 44.83743296], [24.29483312, 44.83754847], [24.29488682, 44.83714851], [24.29515656, 44.83729161], [24.2951058, 44.83758831], [24.29508456, 44.83771248], [24.29519863, 44.83772675], [24.29538456, 44.83775002], [24.2954378, 44.8377567], [24.29546826, 44.83760329], [24.29553147, 44.83728487], [24.2959163, 44.83733117], [24.29597354, 44.83708892], [24.29599387, 44.83700286], [24.29599053, 44.8368887], [24.29598606, 44.83673603], [24.29595445, 44.83664144], [24.2959434, 44.83660294], [24.29579121, 44.83653157], [24.29573762, 44.83649901], [24.29573148, 44.83649655], [24.29571659, 44.8364906], [24.29567079, 44.83646818], [24.29567074, 44.83646816]]]]}}, {"type": "Feature", "properties": {"tarla": "24", "nr_parcele": 18, "suprafata_totala": 30921}, "geometry": {"type": "Polygon", "coordinates": [[[24.29426406, 44.83496284], [24.29420739, 44.83494716], [24.29402156, 44.83520598], [24.29400872, 44.83522387], [24.29411547, 44.83524696], [24.29396205, 44.83553526], [24.29386319, 44.83584161], [24.29414947, 44.83589105], [24.29423418, 44.83590567], [24.29419315, 44.83618961], [24.29419227, 44.83619567], [24.29406114, 44.83618953], [24.29401631, 44.83616009], [24.29380248, 44.83614715], [24.29370967, 44.83614154], [24.29344857, 44.83612523], [24.29336476, 44.83611999], [24.29335394, 44.83634167], [24.29282449, 44.8363261], [24.29275416, 44.83667747], [24.29272319, 44.83683227], [24.29269352, 44.83719346], [24.29269646, 44.83736625], [24.29281891, 44.83735029], [24.29292708, 44.8373414], [24.29296073, 44.83734055], [24.29309395, 44.8373372], [24.29309632, 44.83733189], [24.29311039, 44.83733311], [24.29315048, 44.83733322], [24.29315429, 44.83733893], [24.29330473, 44.83734905], [24.29349859, 44.83732116], [24.29349866, 44.83732116], [24.2936864, 44.83729416], [24.29374088, 44.83728633], [24.29378041, 44.83723247], [24.29383702, 44.83722188], [24.29387058, 44.83720399], [24.29387062, 44.83720396], [24.29405222, 44.83710708], [24.29421876, 44.83701824], [24.29422251, 44.83701339], [24.29422254, 44.83701335], [24.29432555, 44.83687973], [24.29441069, 44.83671205], [24.29443021, 44.83665668], [24.29445599, 44.83664836], [24.29445605, 44.83664835], [24.29450051, 44.83663402], [24.2945987, 44.83651658], [24.29468515, 44.8364098], [24.29466383, 44.83640628], [24.29467053, 44.83636797], [24.29467055, 44.83636792], [24.29467548, 44.8363397], [24.29468703, 44.83627722], [24.29485992, 44.83633534], [24.29500178, 44.83634814], [24.29505158, 44.83634822], [24.29519225, 44.83634845], [24.29522272, 44.8363478], [24.29522267, 44.83635204], [24.29523438, 44.83635212], [24.29523444, 44.83634741], [24.29532755, 44.83634074], [24.29542791, 44.83631874], [24.2955342, 44.83627757], [24.29562598, 44.83622438], [24.2957217, 44.83605948], [24.29572532, 44.83604193], [24.29574379, 44.83595258], [24.29574502, 44.83589335], [24.29573319, 44.83586011], [24.2956317, 44.8356804], [24.29555327, 44.83560522], [24.29545962, 44.83547943], [24.29537765, 44.83539561], [24.29532993, 44.83536471], [24.29517779, 44.83526669], [24.29518514, 44.83524845], [24.29500203, 44.83519235], [24.29500672, 44.83518471], [24.29499599, 44.83518137], [24.29499129, 44.835189], [24.29495218, 44.83517682], [24.29482, 44.83513537], [24.29473634, 44.83510726], [24.29463431, 44.8350781], [24.29463873, 44.83507043], [24.29462788, 44.83506728], [24.29462343, 44.83507499], [24.29454046, 44.8350483], [24.29452837, 44.83504408], [24.29444459, 44.83501491], [24.29438409, 44.83499383], [24.29430408, 44.83497392], [24.29427497, 44.83496587], [24.29427924, 44.83495814], [24.29426835, 44.83495508], [24.29426406, 44.83496284]]]}}, {"type": "Feature", "properties": {"tarla": "25", "nr_parcele": 10, "suprafata_totala": 10041}, "geometry": {"type": "Polygon", "coordinates": [[[24.29171802, 44.83417624], [24.29157178, 44.83416986], [24.29154696, 44.83441123], [24.29154918, 44.83454948], [24.29154885, 44.83461499], [24.29154633, 44.83509661], [24.29179337, 44.83510699], [24.29175026, 44.83558407], [24.29188897, 44.83559172], [24.29192356, 44.83510955], [24.29195912, 44.83511025], [24.29198904, 44.83477249], [24.29234408, 44.83485026], [24.29242201, 44.8348681], [24.2924807, 44.83488152], [24.29264304, 44.8349084], [24.29271679, 44.8349206], [24.29283761, 44.83491908], [24.2928703, 44.83491868], [24.29292956, 44.8349165], [24.2929337, 44.83491635], [24.29316552, 44.83490784], [24.29332536, 44.83491097], [24.29336778, 44.83467845], [24.29337838, 44.83463982], [24.2933834, 44.83464191], [24.29338934, 44.83463472], [24.2933791, 44.83463065], [24.29327541, 44.83459094], [24.29305676, 44.83450352], [24.29291417, 44.83445642], [24.29271935, 44.8343961], [24.29261655, 44.83436294], [24.29261965, 44.83435284], [24.29251693, 44.83432354], [24.29251686, 44.83432352], [24.29245523, 44.83430593], [24.29235083, 44.8342738], [24.29209952, 44.8342087], [24.2921036, 44.83420094], [24.29209261, 44.83419803], [24.29208852, 44.83420585], [24.29207134, 44.83420139], [24.29193846, 44.83418652], [24.29192934, 44.83418594], [24.2918609, 44.83418162], [24.29178615, 44.83417689], [24.29172974, 44.83417631], [24.29171802, 44.83417624]]]}}, {"type": "Feature", "properties": {"tarla": "26", "nr_parcele": 11, "suprafata_totala": 22496}, "geometry": {"type": "MultiPolygon", "coordinates": [[[[24.29124355, 44.83551963], [24.29124314, 44.8354821], [24.29125059, 44.83548235], [24.29131374, 44.83548442], [24.29162429, 44.83551454], [24.29171872, 44.83558232], [24.29175026, 44.83558407], [24.29179337, 44.83510699], [24.29154633, 44.83509661], [24.29154885, 44.83461499], [24.29154918, 44.83454948], [24.29154696, 44.83441123], [24.29157178, 44.83416986], [24.2912763, 44.83415352], [24.29089374, 44.83406354], [24.2908507, 44.83435782], [24.29084981, 44.83436395], [24.2908429, 44.83441153], [24.29082369, 44.83456457], [24.29081894, 44.83459124], [24.29073142, 44.8352205], [24.29072981, 44.83523959], [24.29069412, 44.83545809], [24.29069113, 44.83545809], [24.29066544, 44.83568796], [24.29063704, 44.83594224], [24.29064039, 44.83594261], [24.29060908, 44.83617693], [24.29057465, 44.83641656], [24.29054154, 44.83667658], [24.29052266, 44.83683704], [24.29051895, 44.83686864], [24.2905007, 44.83704752], [24.29051472, 44.83704809], [24.29050648, 44.83711709], [24.29050921, 44.83713521], [24.29050384, 44.83716476], [24.29047771, 44.8373388], [24.29086313, 44.83738796], [24.29093901, 44.83739526], [24.29110846, 44.83741156], [24.29118114, 44.83741855], [24.29118581, 44.83707902], [24.29118809, 44.83705], [24.29119013, 44.83690024], [24.29119176, 44.83677874], [24.291191, 44.83667074], [24.29119087, 44.83665386], [24.29120403, 44.83652047], [24.29120501, 44.83645887], [24.29122191, 44.83620976], [24.2912308, 44.83591728], [24.29123702, 44.83580657], [24.29124477, 44.83566867], [24.29124355, 44.83551963]]], [[[24.29153049, 44.83646707], [24.29126169, 44.83645799], [24.2912481, 44.83665369], [24.29124868, 44.83677881], [24.29124299, 44.83706765], [24.29162506, 44.83707892], [24.29163493, 44.83651593], [24.29152867, 44.83651262], [24.29153049, 44.83646707]]]]}}, {"type": "Feature", "properties": {"tarla": "27", "nr_parcele": 12, "suprafata_totala": 68361}, "geometry": {"type": "Polygon", "coordinates": [[[24.28875865, 44.81873493], [24.2885803, 44.81905296], [24.2885803, 44.819053], [24.28857887, 44.81905554], [24.28845132, 44.81928023], [24.28832478, 44.81949879], [24.28830008, 44.81955726], [24.28826569, 44.81964384], [24.28826292, 44.81964864], [24.2882629, 44.81964867], [24.2880115, 44.82008521], [24.28868889, 44.82015461], [24.28865955, 44.82020981], [24.28810562, 44.82016767], [24.28810556, 44.82016767], [24.28797455, 44.82015771], [24.28787559, 44.82045964], [24.28779153, 44.8207681], [24.28779918, 44.820845], [24.28779918, 44.82084503], [24.2877972, 44.82085326], [24.28774771, 44.82105851], [24.28776512, 44.82109635], [24.28828242, 44.82123362], [24.28865283, 44.82133564], [24.28872165, 44.82134719], [24.28872168, 44.82134719], [24.28923844, 44.821434], [24.2896728, 44.82148011], [24.28967287, 44.82148012], [24.28985408, 44.82149935], [24.29034655, 44.82155038], [24.29069519, 44.82159646], [24.29073421, 44.82142544], [24.29073422, 44.82142539], [24.29079517, 44.82141919], [24.29082316, 44.82141634], [24.29091479, 44.82105005], [24.29091479, 44.82105003], [24.29092012, 44.82102877], [24.29134823, 44.82105352], [24.29134828, 44.82105353], [24.29135413, 44.82105386], [24.29157741, 44.82106786], [24.29162248, 44.82107209], [24.29163411, 44.82107318], [24.29166948, 44.82107652], [24.29176453, 44.8210807], [24.29191502, 44.82108468], [24.29169294, 44.82062137], [24.29169414, 44.82059605], [24.29170226, 44.82042537], [24.29172291, 44.82011833], [24.29172384, 44.81988848], [24.29171921, 44.8198599], [24.29141808, 44.81984706], [24.29067667, 44.81979177], [24.29067118, 44.81970341], [24.2906928, 44.81957975], [24.29073331, 44.81934803], [24.29070136, 44.81930324], [24.29038479, 44.81919168], [24.28998255, 44.81903397], [24.2894444, 44.81883472], [24.28885232, 44.8186046], [24.28880048, 44.81866031], [24.28875867, 44.81873488], [24.28875865, 44.81873493]]]}}, {"type": "Feature", "properties": {"tarla": "28", "nr_parcele": 1, "suprafata_totala": 33196}, "geometry": {"type": "Polygon", "coordinates": [[[24.28947148, 44.81880033], [24.28888157, 44.81854818], [24.28904531, 44.81829768], [24.28919378, 44.81804452], [24.28934427, 44.8178023], [24.28955678, 44.81746565], [24.28985793, 44.81698451], [24.29002541, 44.81668167], [24.29017535, 44.81644434], [24.29039154, 44.81607816], [24.29058325, 44.81575686], [24.29079673, 44.81538095], [24.29087791, 44.81536961], [24.29087761, 44.81537838], [24.29087624, 44.81541808], [24.29087394, 44.81548493], [24.29087338, 44.81551184], [24.2908723, 44.81556247], [24.29087226, 44.81556437], [24.29087112, 44.81562644], [24.29087072, 44.815648], [24.29086975, 44.81569991], [24.29086898, 44.81574208], [24.29086889, 44.81574689], [24.29086803, 44.81579458], [24.29086723, 44.81583708], [24.29086711, 44.81584439], [24.29086657, 44.81585966], [24.2908657, 44.81588462], [24.2908649, 44.81590723], [24.2908641, 44.81592987], [24.29086251, 44.81597529], [24.29086101, 44.81601756], [24.29085972, 44.81606316], [24.29085962, 44.8160667], [24.29085849, 44.81610656], [24.2908583, 44.81611272], [24.29085708, 44.81615592], [24.29085699, 44.81615894], [24.29085588, 44.81619764], [24.29085232, 44.81632264], [24.29085188, 44.81633817], [24.29085121, 44.81636147], [24.29084757, 44.81647311], [24.29084604, 44.81653615], [24.29084293, 44.8166632], [24.29084117, 44.81673517], [24.29083943, 44.81678952], [24.29083857, 44.81681666], [24.29083768, 44.81684426], [24.29083562, 44.81690821], [24.29083445, 44.81694489], [24.29083368, 44.81696884], [24.29083248, 44.8170062], [24.29083026, 44.81705526], [24.29081975, 44.81728666], [24.29081861, 44.81731173], [24.29081642, 44.81736721], [24.29080953, 44.81754188], [24.2908047, 44.81765189], [24.29079231, 44.81780538], [24.29078797, 44.81785908], [24.29078186, 44.81793473], [24.29078039, 44.81795308], [24.29078387, 44.81798786], [24.29078565, 44.81800563], [24.29078909, 44.81803997], [24.29079021, 44.81805104], [24.29079124, 44.81806126], [24.29079036, 44.81807425], [24.29078575, 44.8181423], [24.29078194, 44.81820037], [24.29078051, 44.81822278], [24.29077466, 44.81831419], [24.29076623, 44.8184426], [24.29076344, 44.81848508], [24.29076066, 44.81852737], [24.29075719, 44.81859735], [24.29075358, 44.81867029], [24.29075348, 44.81871661], [24.29075339, 44.81876947], [24.29075332, 44.8188047], [24.29075205, 44.81882201], [24.29074879, 44.81886689], [24.29074615, 44.8189031], [24.29074055, 44.81898011], [24.29073885, 44.81901269], [24.29073725, 44.8190437], [24.29073408, 44.81910358], [24.29073194, 44.81912448], [24.29072381, 44.81920372], [24.2907231, 44.8192107], [24.29072766, 44.81924039], [24.29073115, 44.81926097], [24.29074297, 44.81927951], [24.29040793, 44.81914847], [24.29000751, 44.81899947], [24.28947148, 44.81880033]]]}}, {"type": "Feature", "properties": {"tarla": "29", "nr_parcele": 88, "suprafata_totala": 265427}, "geometry": {"type": "MultiPolygon", "coordinates": [[[[24.29869305, 44.82034885], [24.29863414, 44.82038096], [24.2980648, 44.82057576], [24.29803244, 44.82064459], [24.29798436, 44.82070935], [24.2979363, 44.82073913], [24.29787828, 44.82076255], [24.29781352, 44.820768], [24.29774291, 44.82075689], [24.29767094, 44.82071522], [24.29766756, 44.82074163], [24.29762703, 44.82115898], [24.29774798, 44.82140184], [24.29776652, 44.82146629], [24.29782827, 44.82168095], [24.29784866, 44.82175183], [24.29786916, 44.82182312], [24.29788978, 44.82189483], [24.29791293, 44.82197527], [24.29799413, 44.82211578], [24.2980291, 44.8221763], [24.29806443, 44.82223741], [24.29810063, 44.82230007], [24.29814573, 44.82237812], [24.29817346, 44.82244539], [24.29818508, 44.82247357], [24.29822126, 44.82256129], [24.29824069, 44.82260843], [24.29823294, 44.82287328], [24.29822767, 44.82305252], [24.29824628, 44.82333366], [24.29831186, 44.8234132], [24.29839187, 44.82344991], [24.29848552, 44.82347798], [24.29871547, 44.82351326], [24.29880633, 44.82351367], [24.29899928, 44.82351454], [24.29920493, 44.82348495], [24.29947965, 44.82342254], [24.2997845, 44.82338223], [24.29997725, 44.82337462], [24.30076453, 44.82342349], [24.30189646, 44.8235631], [24.30193025, 44.82351119], [24.30193046, 44.82348892], [24.30190069, 44.82343082], [24.30186896, 44.82336885], [24.30187898, 44.82309477], [24.30189037, 44.82278355], [24.30189445, 44.82267177], [24.30189958, 44.82253119], [24.3019018, 44.82247087], [24.30190393, 44.82241204], [24.30190607, 44.82235377], [24.3019139, 44.82213964], [24.30191647, 44.82206936], [24.30191903, 44.82199947], [24.30192156, 44.82192998], [24.30192893, 44.82172817], [24.30193115, 44.82166768], [24.30193224, 44.82163741], [24.30193336, 44.82160715], [24.30194588, 44.82126476], [24.30194599, 44.8212615], [24.30198164, 44.82105305], [24.30201689, 44.82084691], [24.3020484, 44.82066272], [24.30207766, 44.8204916], [24.30210836, 44.82031216], [24.30202426, 44.82024186], [24.30113644, 44.82016995], [24.29988569, 44.82006458], [24.29902349, 44.82021231], [24.29894439, 44.82022586], [24.29869305, 44.82034885]]], [[[24.28827606, 44.83048095], [24.2882733, 44.83048974], [24.28826296, 44.83052265], [24.28822399, 44.83066153], [24.28821248, 44.83069804], [24.28817544, 44.83082488], [24.28817543, 44.83082493], [24.28813773, 44.83094951], [24.28810236, 44.83111572], [24.28810234, 44.83111576], [24.28804018, 44.83140776], [24.28806923, 44.83141923], [24.28851011, 44.83147298], [24.28855931, 44.83147898], [24.28861702, 44.83148137], [24.28865137, 44.83148279], [24.28890179, 44.8315143], [24.28911462, 44.83155979], [24.28918864, 44.83156887], [24.28925074, 44.83119052], [24.289374, 44.83120647], [24.28945901, 44.83121421], [24.28952763, 44.83122189], [24.28965656, 44.83123733], [24.28993435, 44.83127105], [24.29001908, 44.83127777], [24.29004202, 44.83119945], [24.29025621, 44.83122828], [24.29027456, 44.83112872], [24.29046873, 44.83116172], [24.29075875, 44.83121953], [24.29107409, 44.83126492], [24.29110184, 44.83104105], [24.2911362, 44.83076065], [24.29113755, 44.83070786], [24.29114495, 44.83065107], [24.29111559, 44.83064593], [24.29110331, 44.83064378], [24.29087927, 44.83060736], [24.29073562, 44.83058055], [24.29063942, 44.83056261], [24.29063936, 44.8305626], [24.29038598, 44.83051952], [24.29016543, 44.83047958], [24.29015245, 44.83047699], [24.29014275, 44.83047581], [24.28987322, 44.83042486], [24.28970217, 44.83039155], [24.2897021, 44.83039154], [24.28957507, 44.83037134], [24.28925024, 44.83030912], [24.28923799, 44.83030687], [24.28907529, 44.83028061], [24.28879413, 44.83022915], [24.28878552, 44.83022789], [24.28878178, 44.83022727], [24.28864066, 44.83020401], [24.28855197, 44.83018939], [24.28838959, 44.83016101], [24.2883773, 44.83015886], [24.28830052, 44.83040317], [24.28827606, 44.83048095]]], [[[24.2895997, 44.8317091], [24.28946293, 44.831689], [24.28924187, 44.83165651], [24.28916949, 44.83164587], [24.28904544, 44.83206843], [24.28902123, 44.83218584], [24.28865416, 44.83212411], [24.28848666, 44.83209563], [24.28837695, 44.83207332], [24.28840135, 44.83211916], [24.28840136, 44.83211921], [24.2884322, 44.83218546], [24.28849086, 44.83227583], [24.28851393, 44.83231135], [24.28853699, 44.83234688], [24.28854115, 44.83236038], [24.28854908, 44.83238596], [24.28856012, 44.8324217], [24.2885583, 44.83243636], [24.28855336, 44.83247609], [24.28855336, 44.83247613], [24.28854614, 44.83253394], [24.28852793, 44.83268023], [24.28847056, 44.83289381], [24.28844289, 44.83310687], [24.28845059, 44.83320985], [24.28847607, 44.83329468], [24.28856719, 44.83338314], [24.29032643, 44.8335277], [24.29071745, 44.83354888], [24.29073641, 44.83342585], [24.29075856, 44.83328203], [24.29077835, 44.83316041], [24.29079323, 44.83307771], [24.29079992, 44.83302883], [24.29080958, 44.83295838], [24.29082568, 44.8328782], [24.2908559, 44.83272408], [24.29087627, 44.83260587], [24.29087877, 44.83259142], [24.29088531, 44.83255343], [24.29088927, 44.83253054], [24.29089055, 44.83252306], [24.29097512, 44.8320327], [24.29058251, 44.83194033], [24.29027252, 44.83186739], [24.28998597, 44.83179997], [24.28971823, 44.83173699], [24.2895997, 44.8317091]]], [[[24.30253853, 44.82355542], [24.30267009, 44.82357259], [24.30337097, 44.82366403], [24.30457317, 44.82366086], [24.30480535, 44.82360451], [24.30490414, 44.82355031], [24.30521516, 44.8233797], [24.30523792, 44.82328945], [24.30527664, 44.82313583], [24.30537253, 44.82303396], [24.30544353, 44.82295855], [24.30553561, 44.82286074], [24.30562499, 44.82276579], [24.30565836, 44.82273034], [24.30575463, 44.82267922], [24.30576148, 44.82267669], [24.30594113, 44.82261057], [24.30597027, 44.82259983], [24.30604322, 44.82253176], [24.30610821, 44.82246368], [24.3061695, 44.82245193], [24.3061727, 44.82245172], [24.30654911, 44.82188103], [24.30644684, 44.8217382], [24.30637852, 44.82168143], [24.30622466, 44.82155357], [24.30614111, 44.82148413], [24.30602574, 44.82143123], [24.30616193, 44.82093708], [24.30600885, 44.82100237], [24.30532746, 44.82123189], [24.30520784, 44.82125491], [24.30484736, 44.82121448], [24.30453643, 44.82109857], [24.30391898, 44.82086843], [24.30388464, 44.82085561], [24.303313, 44.82062744], [24.30265288, 44.82036394], [24.30216811, 44.82026069], [24.30212768, 44.8204971], [24.30209841, 44.82066822], [24.302067, 44.82085187], [24.30206685, 44.8208519], [24.30206699, 44.82085192], [24.30203188, 44.82105721], [24.30199649, 44.82126414], [24.30199632, 44.82126894], [24.30198738, 44.82151343], [24.30197981, 44.82172041], [24.30191978, 44.82336296], [24.30198109, 44.82348268], [24.30207949, 44.82349551], [24.30224944, 44.8235177], [24.30253853, 44.82355542]]]]}}, {"type": "Feature", "properties": {"tarla": "30", "nr_parcele": 69, "suprafata_totala": 265559}, "geometry": {"type": "MultiPolygon", "coordinates": [[[[24.31048067, 44.81727639], [24.31050269, 44.81726754], [24.31051336, 44.81725502], [24.31050809, 44.81723791], [24.31046973, 44.81720681], [24.31031033, 44.81710383], [24.31004972, 44.81695268], [24.30988542, 44.81686057], [24.30983242, 44.8168256], [24.30979112, 44.81680296], [24.30972825, 44.81679793], [24.30963148, 44.81679734], [24.30957616, 44.81680545], [24.3095515, 44.81683191], [24.30953858, 44.81686986], [24.30952427, 44.81692427], [24.30952799, 44.81705508], [24.30953536, 44.81714082], [24.30954394, 44.81724028], [24.30952801, 44.81733569], [24.30950173, 44.81740141], [24.30945354, 44.81744505], [24.30935815, 44.81749993], [24.30934274, 44.81752714], [24.30934421, 44.817548], [24.30936282, 44.81757634], [24.30999388, 44.81799873], [24.31057909, 44.81837615], [24.3109575, 44.8185233], [24.31122516, 44.81864146], [24.31153519, 44.81877833], [24.31229912, 44.81911556], [24.31238735, 44.81915451], [24.31234169, 44.81929663], [24.31231929, 44.81938517], [24.31267083, 44.81957536], [24.31292703, 44.81971396], [24.31314488, 44.8198318], [24.31318508, 44.81986685], [24.31336026, 44.82001958], [24.31329761, 44.82021379], [24.31335145, 44.82025523], [24.31357134, 44.82042444], [24.31371451, 44.82053462], [24.3137488, 44.82056101], [24.31415096, 44.82082005], [24.31401812, 44.82098041], [24.3139099, 44.821004], [24.31369463, 44.82090801], [24.31359432, 44.8208677], [24.31329375, 44.82071311], [24.31296223, 44.82052266], [24.31292421, 44.8205008], [24.31266896, 44.8204206], [24.31250116, 44.82031501], [24.31233472, 44.82022091], [24.31211234, 44.82009518], [24.31167162, 44.81990505], [24.31167061, 44.81990474], [24.31120481, 44.81976445], [24.31096645, 44.81969266], [24.31087502, 44.81965414], [24.31072261, 44.8195889], [24.3104587, 44.81950085], [24.31040333, 44.81948232], [24.31037683, 44.81948726], [24.31034128, 44.81953885], [24.31027071, 44.81966158], [24.31021613, 44.81982159], [24.31022489, 44.8198825], [24.31024921, 44.81994413], [24.310288, 44.82002367], [24.31030563, 44.82013628], [24.31029628, 44.82025258], [24.31031199, 44.82029103], [24.31029018, 44.82051958], [24.31095591, 44.82080749], [24.31107546, 44.8206565], [24.31122176, 44.82070676], [24.31173713, 44.82097575], [24.31193286, 44.82107791], [24.31192383, 44.82111059], [24.31193554, 44.82113352], [24.31196646, 44.82115383], [24.31206273, 44.82120012], [24.31218159, 44.82124314], [24.31228194, 44.82129662], [24.31232764, 44.82132424], [24.31237019, 44.82134995], [24.31253772, 44.82140899], [24.31262972, 44.82145607], [24.31268852, 44.82152419], [24.31276236, 44.82161508], [24.312838, 44.82167825], [24.31285652, 44.82172698], [24.31284578, 44.82176403], [24.3127877, 44.82178965], [24.31273564, 44.8217597], [24.31257008, 44.8216599], [24.31240329, 44.82159982], [24.31225189, 44.82156735], [24.3119035, 44.82151922], [24.31155291, 44.82147995], [24.31120307, 44.82143131], [24.31115972, 44.82143156], [24.3111383, 44.82144136], [24.31111518, 44.82146998], [24.31107608, 44.82160615], [24.31105507, 44.82167109], [24.31092202, 44.82208256], [24.31089849, 44.82214779], [24.31087345, 44.82222178], [24.31087039, 44.82231632], [24.31086836, 44.82237939], [24.31086129, 44.82243904], [24.3108509, 44.82252661], [24.3108295, 44.82266188], [24.31082289, 44.82270379], [24.31078909, 44.82269845], [24.31030214, 44.82273852], [24.31007452, 44.82328178], [24.31006718, 44.82333008], [24.31006152, 44.82336727], [24.31006395, 44.82340337], [24.31007445, 44.8234302], [24.31011069, 44.82344989], [24.3101273, 44.82349015], [24.3101265, 44.82351843], [24.31011839, 44.82353834], [24.31011298, 44.82355917], [24.31011074, 44.82356783], [24.31010547, 44.82358657], [24.31026001, 44.82375032], [24.31032481, 44.82382625], [24.31038078, 44.82389181], [24.3105623, 44.82394367], [24.31104072, 44.82408037], [24.31142681, 44.82428489], [24.31201557, 44.82418323], [24.31245237, 44.82410781], [24.31249193, 44.82410097], [24.31341095, 44.8238339], [24.31351534, 44.82380356], [24.31380418, 44.82369216], [24.31403015, 44.82360502], [24.31449042, 44.82361513], [24.31470545, 44.82363479], [24.31520277, 44.82368026], [24.31569146, 44.82372495], [24.31599747, 44.82375293], [24.31604658, 44.82375426], [24.31673687, 44.82377292], [24.31701412, 44.82378041], [24.31727421, 44.82379274], [24.31701844, 44.82343143], [24.31693, 44.82335383], [24.31643235, 44.82291718], [24.31616988, 44.82268688], [24.31595259, 44.82249621], [24.31581791, 44.82234556], [24.3156773, 44.82218827], [24.31548016, 44.82195388], [24.31537438, 44.82182765], [24.31534552, 44.82179321], [24.31529931, 44.82172839], [24.31525386, 44.82166467], [24.31520844, 44.82160095], [24.31499329, 44.82129922], [24.3149622, 44.82124936], [24.31477738, 44.820953], [24.31477237, 44.82094588], [24.31464386, 44.8207657], [24.31448839, 44.82054948], [24.31445181, 44.82049861], [24.31437663, 44.82023009], [24.31429806, 44.81994939], [24.31423344, 44.81954127], [24.31423487, 44.81951939], [24.31424366, 44.81938413], [24.31434639, 44.81909126], [24.31461948, 44.81866242], [24.31464645, 44.81856379], [24.31465626, 44.81852792], [24.31470866, 44.81833634], [24.31471131, 44.81832661], [24.3147433, 44.81820967], [24.31475798, 44.81815601], [24.31475822, 44.81815515], [24.31475158, 44.81805426], [24.31474245, 44.81791544], [24.314741, 44.81791275], [24.31470749, 44.81785022], [24.31463431, 44.81771361], [24.31456362, 44.81766413], [24.31428068, 44.81746606], [24.31423664, 44.81743811], [24.3141389, 44.81737604], [24.31386634, 44.81728069], [24.31317421, 44.81701339], [24.31227026, 44.81662003], [24.31198254, 44.81647257], [24.31170174, 44.81627749], [24.31138229, 44.8162187], [24.31135043, 44.8162598], [24.311382, 44.81633664], [24.31139272, 44.81637553], [24.31138537, 44.81641579], [24.31137273, 44.81644792], [24.31134493, 44.81651862], [24.3113007, 44.81660839], [24.31128795, 44.81663427], [24.31127496, 44.81665135], [24.31124924, 44.81666065], [24.31120875, 44.81667091], [24.31118501, 44.81668057], [24.31117062, 44.81668995], [24.31116932, 44.81671586], [24.31117401, 44.8167348], [24.31119832, 44.81676087], [24.31124474, 44.81678883], [24.31127186, 44.81680198], [24.31131424, 44.81682253], [24.31135772, 44.81685047], [24.31138059, 44.81687233], [24.3113808, 44.81688756], [24.31132682, 44.81697883], [24.31131644, 44.81701422], [24.31132308, 44.81703553], [24.31148111, 44.81708556], [24.31150872, 44.81710357], [24.31224356, 44.81733138], [24.31220974, 44.81740897], [24.31219353, 44.81744618], [24.31218447, 44.81745952], [24.3121561, 44.81750129], [24.31208357, 44.8175183], [24.31197428, 44.81747836], [24.31184937, 44.81749434], [24.31183587, 44.81754327], [24.31182806, 44.81757158], [24.31186883, 44.8176469], [24.31206982, 44.81771547], [24.31225036, 44.8177964], [24.31237444, 44.8179063], [24.31237667, 44.81791915], [24.31238147, 44.81794676], [24.3124135, 44.81802814], [24.31238266, 44.81807886], [24.31231987, 44.81810047], [24.31193085, 44.81800643], [24.31191532, 44.81800267], [24.31161645, 44.8178781], [24.31134599, 44.81776537], [24.31097233, 44.81765026], [24.31096492, 44.81764696], [24.3108567, 44.8175987], [24.31057029, 44.81737428], [24.31045927, 44.81730531], [24.31045225, 44.81729449], [24.31046122, 44.81728436], [24.31048067, 44.81727639]], [[24.31095817, 44.82302125], [24.31095854, 44.82302395], [24.31097066, 44.82311291], [24.31095817, 44.82302125]]], [[[24.29683994, 44.82274201], [24.29675529, 44.82275247], [24.2967426, 44.82276561], [24.29670828, 44.82280117], [24.29669204, 44.82320533], [24.29675761, 44.82341372], [24.2967591, 44.82344834], [24.29769039, 44.82353994], [24.29771713, 44.82352492], [24.29779233, 44.8234827], [24.29786838, 44.82347872], [24.29799522, 44.82347209], [24.29828824, 44.82345571], [24.29819635, 44.82334421], [24.29818531, 44.82317728], [24.29818113, 44.82311421], [24.29817707, 44.82305299], [24.29817768, 44.82303229], [24.29818069, 44.82292927], [24.29762043, 44.82285102], [24.29683994, 44.82274201]]], [[[24.29062392, 44.83189331], [24.29098452, 44.83197816], [24.29107971, 44.83133744], [24.29077874, 44.83131397], [24.29067853, 44.83129653], [24.29042058, 44.83125164], [24.29025621, 44.83122828], [24.29004202, 44.83119945], [24.29001908, 44.83127777], [24.28993435, 44.83127105], [24.28965656, 44.83123733], [24.28952763, 44.83122189], [24.28945901, 44.83121421], [24.289374, 44.83120647], [24.28925074, 44.83119052], [24.28918864, 44.83156887], [24.28924816, 44.83156951], [24.28991912, 44.83172738], [24.29027282, 44.83181068], [24.29062392, 44.83189331]]], [[[24.28822813, 44.83179633], [24.28823444, 44.83180576], [24.2882399, 44.83181388], [24.28827387, 44.83186455], [24.28829177, 44.83187343], [24.28833883, 44.83197892], [24.28837695, 44.83207332], [24.28848666, 44.83209563], [24.28865416, 44.83212411], [24.28902123, 44.83218584], [24.28904544, 44.83206843], [24.28916949, 44.83164587], [24.28905994, 44.83162496], [24.28895612, 44.83160514], [24.28895914, 44.83159641], [24.28893187, 44.83158956], [24.28890892, 44.83158954], [24.28884019, 44.83158114], [24.28883419, 44.83158465], [24.28875502, 44.8315756], [24.28860956, 44.83155141], [24.28860366, 44.83155058], [24.28859125, 44.83154885], [24.2880846, 44.83147779], [24.28807968, 44.83148945], [24.28807971, 44.8314895], [24.28822813, 44.83179633]]]]}}, {"type": "Feature", "properties": {"tarla": "31", "nr_parcele": 113, "suprafata_totala": 336707}, "geometry": {"type": "MultiPolygon", "coordinates": [[[[24.28419098, 44.82945431], [24.28410902, 44.82950743], [24.28407808, 44.82955065], [24.28391664, 44.82983099], [24.28377725, 44.83008618], [24.28434107, 44.83021915], [24.2845191, 44.83026114], [24.28565748, 44.83052959], [24.28585358, 44.8305708], [24.28647051, 44.83068929], [24.28663882, 44.83072162], [24.28669684, 44.83073075], [24.28692439, 44.83078034], [24.2872188, 44.83084535], [24.28736236, 44.83087706], [24.28750215, 44.83089473], [24.28755827, 44.83077835], [24.2880289, 44.83087064], [24.28807242, 44.83071397], [24.28807487, 44.83070513], [24.28807616, 44.83070047], [24.28815045, 44.83048515], [24.2882159, 44.83028029], [24.28823359, 44.83022506], [24.28819274, 44.83022016], [24.28820473, 44.83018232], [24.28824532, 44.83018884], [24.28826012, 44.83013084], [24.28797796, 44.83008181], [24.28796569, 44.83007967], [24.2876266, 44.83002075], [24.28751587, 44.83000278], [24.28750354, 44.83000077], [24.28704483, 44.82992627], [24.28704146, 44.82992578], [24.28704139, 44.82992576], [24.28690608, 44.82990575], [24.28688742, 44.82990328], [24.28685336, 44.82989875], [24.28680906, 44.82989112], [24.28676477, 44.8298835], [24.28665047, 44.8298656], [24.28657414, 44.82985207], [24.28657408, 44.82985206], [24.28627909, 44.82979976], [24.2861065, 44.82976874], [24.28610643, 44.82976873], [24.28604218, 44.82975718], [24.28578581, 44.82971023], [24.28564684, 44.82968167], [24.28563468, 44.82967917], [24.28561682, 44.82967551], [24.28531496, 44.82961977], [24.28520336, 44.82959961], [24.28519111, 44.8295974], [24.28501724, 44.82956601], [24.2848733, 44.82954344], [24.28471907, 44.82951926], [24.28471901, 44.82951925], [24.28465493, 44.8295092], [24.2844294, 44.82946417], [24.28431732, 44.82944332], [24.28426391, 44.82944114], [24.28426384, 44.82944113], [24.28424502, 44.82944036], [24.28419098, 44.82945431]]], [[[24.2871959, 44.83112168], [24.28719522, 44.83112157], [24.28683263, 44.83106233], [24.28685121, 44.83100997], [24.28557094, 44.83079199], [24.28551259, 44.83078095], [24.28540647, 44.83095805], [24.2852717, 44.83118299], [24.28508684, 44.8315772], [24.28507904, 44.83160799], [24.28502053, 44.83171604], [24.28497761, 44.83180567], [24.2849263, 44.83192161], [24.2848584, 44.83207269], [24.28482448, 44.83214816], [24.28478957, 44.83222298], [24.28472135, 44.83236916], [24.28470442, 44.83240546], [24.28468745, 44.83244184], [24.28464941, 44.83252335], [24.28605248, 44.8327773], [24.28665465, 44.83288001], [24.28763713, 44.83302983], [24.28769608, 44.83303883], [24.28779649, 44.83302412], [24.28817155, 44.83308589], [24.28823426, 44.83308297], [24.28823769, 44.83299975], [24.28824181, 44.83296087], [24.28825643, 44.83292421], [24.28830521, 44.83280189], [24.28830522, 44.83280184], [24.28832337, 44.83275629], [24.28835349, 44.83268074], [24.28838898, 44.83260552], [24.2884025, 44.83257686], [24.28842495, 44.83234417], [24.28830761, 44.83234086], [24.28830831, 44.83231838], [24.28831306, 44.83227955], [24.28831935, 44.83220253], [24.28832347, 44.83216323], [24.28829839, 44.83204851], [24.28828494, 44.83200998], [24.28827655, 44.83199207], [24.28826004, 44.83196644], [24.28823733, 44.83193451], [24.28820197, 44.83188478], [24.28814534, 44.83180515], [24.28809969, 44.83179805], [24.28798789, 44.83178407], [24.28797798, 44.83178281], [24.28791184, 44.8317744], [24.28791178, 44.83177439], [24.28790787, 44.83177389], [24.2878562, 44.83176731], [24.28779728, 44.83175987], [24.28777525, 44.83175628], [24.28784994, 44.83160542], [24.28785415, 44.83159693], [24.28787054, 44.83156382], [24.2879154, 44.83137756], [24.28792832, 44.83130997], [24.28794125, 44.83124238], [24.28752309, 44.83117473], [24.28728416, 44.83113608], [24.2872731, 44.83113429], [24.2871959, 44.83112168]], [[24.28710400010344, 44.83222968875259], [24.28713536, 44.83185151], [24.28713537977801, 44.83185151267533], [24.287104000103504, 44.8322296887526], [24.28710400010344, 44.83222968875259]]], [[[24.31353502, 44.81397801], [24.31372822, 44.81365301], [24.31356256, 44.81357745], [24.31349017, 44.81356009], [24.31335524, 44.81393505], [24.31353502, 44.81397801]]], [[[24.31080497, 44.81515682], [24.31075908, 44.81533323], [24.31066604, 44.8154856], [24.31047839, 44.81579287], [24.31044254, 44.81585157], [24.31064499, 44.81588275], [24.31078776, 44.81595281], [24.31088649, 44.81601015], [24.31101186, 44.81608094], [24.31117717, 44.81614127], [24.31139531, 44.81618392], [24.31172742, 44.81624505], [24.31201516, 44.81644493], [24.3120583, 44.81646704], [24.31214756, 44.81651279], [24.31229827, 44.81659002], [24.31236233, 44.8166179], [24.31256276, 44.81670512], [24.31293612, 44.81686759], [24.31320062, 44.81698269], [24.31320448, 44.81698437], [24.31346575, 44.81708518], [24.31374998, 44.81719485], [24.31388954, 44.8172487], [24.3139741, 44.81727827], [24.31416743, 44.8173459], [24.31427033, 44.81741125], [24.31431527, 44.81743979], [24.31438484, 44.81748849], [24.31467763, 44.81769346], [24.31473997, 44.81780981], [24.31479259, 44.81790799], [24.31480265, 44.81806092], [24.31480902, 44.81815779], [24.3147583, 44.81834322], [24.31469081, 44.81859003], [24.314668, 44.81867344], [24.31452942, 44.81889105], [24.31439436, 44.81910316], [24.31429394, 44.81938937], [24.31428827, 44.81947681], [24.31428415, 44.81954009], [24.31429818, 44.81962862], [24.31431699, 44.81974751], [24.31434075, 44.8198976], [24.31434806, 44.81994376], [24.31439134, 44.82009837], [24.31444173, 44.82027838], [24.31449016, 44.82045133], [24.31450004, 44.82048667], [24.31452922, 44.82052724], [24.31458064, 44.82059877], [24.31463242, 44.82067078], [24.3146599, 44.82070899], [24.31482034, 44.82093211], [24.31482399, 44.82093719], [24.31483947, 44.82096214], [24.31490707, 44.8210711], [24.31498979, 44.82120445], [24.31503901, 44.82128379], [24.31507056, 44.821328], [24.31520003, 44.8215096], [24.31533253, 44.82169542], [24.31539063, 44.82177692], [24.31539257, 44.82177964], [24.31545712, 44.82185639], [24.31550991, 44.82191916], [24.31556358, 44.82198296], [24.31567344, 44.8221136], [24.31571526, 44.82216331], [24.31583861, 44.82222577], [24.31588492, 44.82224922], [24.31599473, 44.82234454], [24.3161861, 44.82251067], [24.31630331, 44.82261243], [24.31639075, 44.82268834], [24.31648142, 44.82276705], [24.31652908, 44.82280843], [24.31668265, 44.82293385], [24.31690742, 44.82311742], [24.31695835, 44.82315901], [24.31710934, 44.82334783], [24.31729872, 44.82358462], [24.31733384, 44.82362231], [24.31746983, 44.82376826], [24.31753314, 44.82383619], [24.31753916, 44.82384265], [24.31794623, 44.82407954], [24.31852242, 44.82441483], [24.31867096, 44.82456218], [24.31878322, 44.8243797], [24.31879919, 44.82355995], [24.31880566, 44.82322781], [24.31880631, 44.82319511], [24.3187497, 44.82319455], [24.3187499, 44.82315627], [24.31875109, 44.82294474], [24.31875323, 44.8225619], [24.31875463, 44.82231201], [24.31875311, 44.82223502], [24.31874741, 44.8219467], [24.31874228, 44.82168615], [24.31873989, 44.82156524], [24.31873758, 44.82144862], [24.31873449, 44.82129232], [24.31872946, 44.82103709], [24.31872567, 44.82084548], [24.31872193, 44.82065614], [24.31871836, 44.82047468], [24.31871661, 44.82038606], [24.31871489, 44.82029886], [24.31871271, 44.82018866], [24.31871193, 44.82014878], [24.31870627, 44.82008245], [24.31870356, 44.82005075], [24.31870403, 44.82000803], [24.31866886, 44.81985116], [24.31863587, 44.81970391], [24.31859669, 44.81964217], [24.3185699, 44.81959998], [24.31841698, 44.81961649], [24.31821095, 44.81966444], [24.3182042, 44.81966601], [24.31810048, 44.81964294], [24.31816304, 44.81956086], [24.31833783, 44.81947466], [24.31848694, 44.81944611], [24.31837308, 44.81939899], [24.31792748, 44.81962707], [24.31791133, 44.81961446], [24.31782691, 44.81958155], [24.31776261, 44.81956463], [24.31772324, 44.81955425], [24.31770355, 44.81955369], [24.31765452, 44.81955226], [24.31760493, 44.8195548], [24.31753368, 44.81957632], [24.31748981, 44.81958397], [24.31746691, 44.81958234], [24.31744693, 44.81956739], [24.31742912, 44.81954751], [24.31736819, 44.81952885], [24.31731554, 44.81951468], [24.31727959, 44.81949864], [24.3172674, 44.81947335], [24.31727142, 44.81946046], [24.31727463, 44.81945016], [24.31729994, 44.8194246], [24.31730031, 44.81942374], [24.31731351, 44.81939354], [24.31731369, 44.81938888], [24.31731451, 44.81936833], [24.31729103, 44.81933674], [24.31726293, 44.81931639], [24.31723042, 44.81929286], [24.31717066, 44.8192644], [24.31713575, 44.81924779], [24.31707805, 44.8192141], [24.31700395, 44.81917085], [24.31690796, 44.8190993], [24.31688894, 44.81908512], [24.31680924, 44.81898885], [24.31677648, 44.81895806], [24.31700469, 44.81884895], [24.31682885, 44.81874718], [24.31678611, 44.81875135], [24.31674853, 44.81874648], [24.31660141, 44.81881681], [24.31648831, 44.81870943], [24.31641212, 44.81863707], [24.31639485, 44.81862622], [24.3162903, 44.81856047], [24.31628988, 44.81856014], [24.31625808, 44.81853508], [24.31617099, 44.81846641], [24.31603341, 44.8182997], [24.3162622, 44.81825498], [24.31618944, 44.81821134], [24.31615291, 44.81815826], [24.31596378, 44.81818957], [24.31596376, 44.81818957], [24.31594665, 44.81816231], [24.31592081, 44.81807865], [24.31592336, 44.81799204], [24.3159194, 44.81797243], [24.31588498, 44.81780186], [24.31588126, 44.81771937], [24.31605586, 44.81770553], [24.31603716, 44.81735756], [24.31594309, 44.81736502], [24.31596076, 44.81733269], [24.31597356, 44.81730234], [24.31597343, 44.81727965], [24.31597123, 44.81727646], [24.31595472, 44.81725271], [24.31593204, 44.81722501], [24.31592951, 44.81720866], [24.31593598, 44.81718796], [24.31595479, 44.81717535], [24.31598847, 44.81715426], [24.31599819, 44.81712277], [24.31599733, 44.81711795], [24.31599345, 44.81709591], [24.31598742, 44.81708011], [24.31596007, 44.81705747], [24.31593909, 44.81704502], [24.31591762, 44.81703888], [24.31588128, 44.81703986], [24.3158529, 44.8170448], [24.31582507, 44.81704072], [24.31581498, 44.81703122], [24.31579584, 44.81701318], [24.3157873, 44.81698337], [24.31576737, 44.81695499], [24.31574135, 44.8169392], [24.31570652, 44.81691945], [24.31568374, 44.81690944], [24.31567669, 44.81690633], [24.31564782, 44.81687681], [24.31563507, 44.81684728], [24.31562105, 44.81681863], [24.31559845, 44.81680165], [24.31559005, 44.81679335], [24.31557214, 44.81677564], [24.31555392, 44.81674366], [24.31555382, 44.81672196], [24.3155538, 44.81671901], [24.31558541, 44.81669034], [24.31562677, 44.81666509], [24.31563833, 44.81665347], [24.3156443, 44.81664746], [24.31566024, 44.8166211], [24.31566186, 44.81659285], [24.31564834, 44.8165576], [24.31562205, 44.81653037], [24.31559362, 44.81650465], [24.31553722, 44.81646945], [24.31553154, 44.81646589], [24.3155123, 44.81644954], [24.31551249, 44.81643361], [24.315519, 44.81641951], [24.3155432, 44.81640913], [24.31557076, 44.81639999], [24.31560393, 44.81638366], [24.31562742, 44.81636185], [24.31562869, 44.81635909], [24.31563957, 44.81633546], [24.31563988, 44.81630871], [24.31562539, 44.81628487], [24.31557439, 44.81621873], [24.31556301, 44.81619564], [24.31556335, 44.81618358], [24.31556355, 44.81617762], [24.31557289, 44.81614922], [24.31559162, 44.81611517], [24.31559356, 44.81609955], [24.31559605, 44.81607938], [24.31559027, 44.81606179], [24.31557641, 44.81605048], [24.31555511, 44.8160439], [24.31551956, 44.81603908], [24.31549506, 44.81602926], [24.31547594, 44.81600426], [24.31543797, 44.81598606], [24.31540879, 44.81598911], [24.31537822, 44.81600044], [24.31534752, 44.81602237], [24.31532147, 44.81603603], [24.31530071, 44.81603821], [24.31528692, 44.81602945], [24.31526923, 44.81601822], [24.31522696, 44.81592534], [24.31522529, 44.81591648], [24.31522087, 44.81589306], [24.3152361, 44.81586505], [24.31527842, 44.81584457], [24.31531296, 44.81582542], [24.3153315, 44.81579283], [24.31532515, 44.81576855], [24.31531243, 44.81574958], [24.31529383, 44.81573519], [24.31528197, 44.81573032], [24.31579051, 44.81571032], [24.31578244, 44.81561158], [24.31521073, 44.81563407], [24.31520593, 44.81561394], [24.31518866, 44.8155954], [24.31516228, 44.81558142], [24.31512565, 44.8155577], [24.31510271, 44.81552716], [24.31504551, 44.81543254], [24.31504354, 44.81542929], [24.315012, 44.81538331], [24.3153779, 44.81536891], [24.31519085, 44.81513397], [24.31480687, 44.81514907], [24.31480672, 44.81514908], [24.31477229, 44.81512485], [24.31472761, 44.8151024], [24.31466239, 44.81509406], [24.31464599, 44.81508648], [24.3145787, 44.81505538], [24.31449535, 44.81500047], [24.31443535, 44.81497111], [24.31437574, 44.81494194], [24.31418694, 44.81486887], [24.31415039, 44.81485183], [24.31414563, 44.81483803], [24.31402302, 44.81474561], [24.31380971, 44.8145909], [24.31378431, 44.81458904], [24.31375013, 44.81457258], [24.31351711, 44.81447933], [24.31334261, 44.81440146], [24.31323655, 44.8143636], [24.31317097, 44.81435125], [24.31309993, 44.81435355], [24.31304173, 44.81436686], [24.31301173, 44.81438716], [24.31299937, 44.81441713], [24.3130032, 44.81445812], [24.31300185, 44.81449089], [24.31298225, 44.81452525], [24.312893, 44.81399817], [24.31264282, 44.81400555], [24.31267658, 44.81439731], [24.31263555, 44.81440192], [24.31258029, 44.8144108], [24.31251068, 44.81441311], [24.31242524, 44.81442408], [24.31235653, 44.81442313], [24.31209193, 44.8143774], [24.31174347, 44.81430658], [24.31146615, 44.81426397], [24.31129619, 44.81423635], [24.31117496, 44.8141931], [24.31104956, 44.81412484], [24.31097242, 44.81411303], [24.31094077, 44.81411303], [24.3108833, 44.81413636], [24.31085964, 44.81418844], [24.31085932, 44.81421577], [24.31088102, 44.81425597], [24.31097242, 44.81429238], [24.31105826, 44.8143251], [24.31108381, 44.81438217], [24.31108555, 44.81445544], [24.31107711, 44.81448393], [24.31107257, 44.81449922], [24.31105662, 44.81451685], [24.31102311, 44.81452271], [24.31097241, 44.814513], [24.3109025, 44.81478184], [24.31085059, 44.8149814], [24.31080497, 44.81515682]]]]}}, {"type": "Feature", "properties": {"tarla": "32", "nr_parcele": 137, "suprafata_totala": 514396}, "geometry": {"type": "MultiPolygon", "coordinates": [[[[24.28430777, 44.82885935], [24.28430946, 44.82885009], [24.28431105, 44.82884133], [24.2843084, 44.82881497], [24.28430756, 44.82880655], [24.28430646, 44.82879578], [24.28429981, 44.82870044], [24.28438184, 44.82867301], [24.28442565, 44.82856256], [24.28452581, 44.82839352], [24.28462366, 44.82830003], [24.2846925, 44.82823425], [24.28470359, 44.82817675], [24.28434059, 44.82826975], [24.28410124, 44.82831052], [24.28383733, 44.82834119], [24.28372677, 44.82834245], [24.28349302, 44.8283391], [24.28287248, 44.82835673], [24.28283606, 44.82849265], [24.28258421, 44.82891635], [24.28253999, 44.828991], [24.28234917, 44.8292145], [24.28185771, 44.82988116], [24.28175526, 44.82991774], [24.28148906, 44.82997844], [24.2813016, 44.8299934], [24.28091922, 44.82989276], [24.28078127, 44.83021635], [24.28066599, 44.83047526], [24.28063479, 44.83056248], [24.28056284, 44.83082683], [24.28051201, 44.83127706], [24.28052517, 44.8315165], [24.28062071, 44.83186438], [24.2806914, 44.83208608], [24.2807262, 44.83218925], [24.2808963, 44.83258278], [24.28102864, 44.83297936], [24.28103441, 44.83300432], [24.28130266, 44.83344793], [24.28119124, 44.83346855], [24.28143558, 44.83365361], [24.28154733, 44.83364205], [24.28164148, 44.83352531], [24.28181412, 44.83331844], [24.28193446, 44.83316104], [24.28197641, 44.83308111], [24.28199439, 44.8330503], [24.28219815, 44.83271522], [24.28225347, 44.83262143], [24.28227464, 44.83258985], [24.28240832, 44.83236509], [24.28253926, 44.83213311], [24.28249067, 44.83211888], [24.28257624, 44.83196172], [24.28268329, 44.8317645], [24.28298435, 44.83120328], [24.283015, 44.83120808], [24.2831385, 44.83099125], [24.2831703, 44.83092759], [24.28321325, 44.83084179], [24.28342642, 44.83047115], [24.28357077, 44.83020346], [24.28358791, 44.83017442], [24.28360723, 44.83014169], [24.28390836, 44.82959241], [24.28392859, 44.82955496], [24.2839733, 44.82947054], [24.28404936, 44.82933785], [24.2840958, 44.82924524], [24.28412555, 44.82918593], [24.28419462, 44.82906419], [24.28424168, 44.82898126], [24.28430777, 44.82885935]]], [[[24.28831704, 44.83406401], [24.28851709, 44.8340801], [24.28881993, 44.83410448], [24.28904449, 44.83412254], [24.28930871, 44.83414379], [24.28925226, 44.834417], [24.29056592, 44.83449921], [24.2905921, 44.83433866], [24.29062307, 44.83414859], [24.29064772, 44.83399744], [24.29067495, 44.83383032], [24.29068191, 44.8337876], [24.29068336, 44.83377865], [24.29068842, 44.83374769], [24.29070749, 44.83363076], [24.29016178, 44.83360642], [24.29013199, 44.83360525], [24.28942635, 44.83357766], [24.28922693, 44.83356856], [24.28916104, 44.83357438], [24.28901912, 44.83357097], [24.28893771, 44.8335553], [24.28880034, 44.83354697], [24.28872305, 44.83354614], [24.28865988, 44.83354285], [24.28865982, 44.83354284], [24.28863802, 44.8335417], [24.28863985, 44.83353393], [24.2884713, 44.83352874], [24.28834001, 44.83352471], [24.28833994, 44.83352471], [24.28819205, 44.83352017], [24.28816257, 44.83351926], [24.28815183, 44.83353713], [24.28813948, 44.83362954], [24.28812992, 44.83370122], [24.28812112, 44.83376448], [24.28808607, 44.83404542], [24.28831704, 44.83406401]]], [[[24.29702485, 44.81498507], [24.29709022, 44.81510594], [24.29717796, 44.81536694], [24.29722412, 44.81555939], [24.29726628, 44.81568453], [24.29735511, 44.81589056], [24.29737412, 44.81593463], [24.29739061, 44.81604212], [24.2974125, 44.81637583], [24.29741678, 44.81644116], [24.29742399, 44.81663875], [24.29743251, 44.81687201], [24.29741913, 44.81709075], [24.29740685, 44.81717404], [24.2974131, 44.81720305], [24.29742799, 44.81722108], [24.2974633, 44.81722893], [24.29754693, 44.81722891], [24.297574, 44.81723231], [24.29758496, 44.81726025], [24.2975963, 44.81731875], [24.29761023, 44.81745996], [24.29762111, 44.81757028], [24.29767036, 44.81781566], [24.29776323, 44.81814024], [24.29777696, 44.81817073], [24.29781659, 44.81818811], [24.29785765, 44.81819103], [24.29789052, 44.81818384], [24.29793432, 44.81816493], [24.29797059, 44.81815245], [24.29799675, 44.81815143], [24.29801573, 44.81815981], [24.29802639, 44.81815977], [24.29839666, 44.82012172], [24.29855651, 44.8200794], [24.2989568, 44.8199734], [24.29896191, 44.81997205], [24.29912027, 44.81995138], [24.29928575, 44.81992979], [24.29945701, 44.81990743], [24.2995908, 44.81988997], [24.29963127, 44.81989171], [24.29998524, 44.81990691], [24.30014774, 44.81991388], [24.30023862, 44.81991779], [24.30047266, 44.81994276], [24.30058153, 44.81995437], [24.30074019, 44.8199713], [24.30079712, 44.81997737], [24.30102911, 44.82000211], [24.3011473, 44.82001374], [24.30128076, 44.82002685], [24.30147281, 44.82003237], [24.30179863, 44.82004173], [24.30185581, 44.82004489], [24.30194558, 44.82005692], [24.30209846, 44.82007422], [24.30236419, 44.82014162], [24.30250327, 44.82017436], [24.30266242, 44.82021182], [24.30281007, 44.82026159], [24.30294719, 44.82030781], [24.30308433, 44.82035404], [24.30314847, 44.82037566], [24.30326042, 44.82042838], [24.30342282, 44.82050488], [24.30351572, 44.82054862], [24.30357076, 44.82056562], [24.30361298, 44.82057864], [24.30371648, 44.82061058], [24.30385194, 44.82065237], [24.30386041, 44.82065571], [24.30402522, 44.82072045], [24.30420603, 44.82079148], [24.30426843, 44.82081599], [24.30440452, 44.82088276], [24.30451912, 44.82093897], [24.30459499, 44.820961], [24.30469803, 44.82099091], [24.3047912, 44.82100843], [24.30491749, 44.82103006], [24.30532859, 44.82110044], [24.30536009, 44.82118107], [24.30598496, 44.82097059], [24.30622712, 44.82086731], [24.30641546, 44.8207875], [24.3069977, 44.82078154], [24.30723899, 44.82074969], [24.30744791, 44.82062714], [24.30766558, 44.82033319], [24.30768357, 44.8199523], [24.30784146, 44.81977377], [24.30781269, 44.81967238], [24.30777215, 44.8188744], [24.30784886, 44.81806524], [24.30788937, 44.81748207], [24.30776089, 44.81704075], [24.30776805, 44.81699708], [24.3076528, 44.81710684], [24.30757889, 44.81720173], [24.30753964, 44.81727681], [24.30750094, 44.81737622], [24.30744981, 44.81746783], [24.3073568, 44.81757504], [24.3073364, 44.81762745], [24.30733072, 44.81766664], [24.30735489, 44.8177319], [24.30735949, 44.81778151], [24.30735259, 44.81783698], [24.30735717, 44.81788732], [24.30739685, 44.81796083], [24.30755019, 44.8181213], [24.30763785, 44.81826985], [24.3076878, 44.81843813], [24.30768286, 44.81858831], [24.30766162, 44.81867546], [24.30765997, 44.81874317], [24.30767988, 44.81879292], [24.30769824, 44.81883625], [24.30769194, 44.81888116], [24.3076619, 44.81892419], [24.30760639, 44.81896763], [24.30751518, 44.81904648], [24.30743409, 44.81914164], [24.30742501, 44.81916225], [24.30742986, 44.81918998], [24.30745188, 44.81921484], [24.3074712, 44.81924708], [24.30746969, 44.81928622], [24.30746703, 44.81933457], [24.30744688, 44.81937062], [24.30738583, 44.8194712], [24.30735091, 44.81956473], [24.30734017, 44.81960053], [24.30731348, 44.81962808], [24.3072508, 44.8196489], [24.30721045, 44.81965975], [24.3070832, 44.81970232], [24.30699961, 44.81971053], [24.30686293, 44.81968139], [24.30683938, 44.81966539], [24.30687071, 44.81955269], [24.30686964, 44.81951948], [24.30686731, 44.81950899], [24.30685015, 44.81950678], [24.30681767, 44.81951113], [24.30676693, 44.81952444], [24.30672153, 44.81954129], [24.30668242, 44.81956621], [24.30665351, 44.81960064], [24.30662359, 44.81968173], [24.30657722, 44.81983886], [24.30655705, 44.81989238], [24.30652249, 44.81992495], [24.30636415, 44.82011387], [24.30628238, 44.82020946], [24.30625335, 44.82022561], [24.30620796, 44.820228], [24.30608395, 44.82022876], [24.30603327, 44.82025478], [24.30584583, 44.82024467], [24.30630605, 44.81948321], [24.30609169, 44.81947585], [24.30639036, 44.81890934], [24.30632917, 44.81884478], [24.3062367, 44.81878799], [24.30609514, 44.81870104], [24.30605543, 44.81869757], [24.30550814, 44.81864983], [24.30536985, 44.81863776], [24.30519745, 44.8186376], [24.30498238, 44.81863738], [24.30481911, 44.81863722], [24.30481997, 44.81862553], [24.30482666, 44.81853291], [24.30483082, 44.81847528], [24.3049954, 44.81847099], [24.30504613, 44.81816422], [24.30503979, 44.81801628], [24.30508451, 44.8180325], [24.30524517, 44.81805182], [24.30543498, 44.8180521], [24.30556979, 44.81804612], [24.30573905, 44.81803176], [24.30588535, 44.81795669], [24.30592472, 44.81779616], [24.30592889, 44.81777734], [24.305932, 44.81776329], [24.30592668, 44.8177153], [24.30589996, 44.81764827], [24.30585905, 44.81757204], [24.30585459, 44.81752589], [24.30584444, 44.81738232], [24.30583363, 44.81722891], [24.30581946, 44.81715217], [24.30581362, 44.81712051], [24.30581462, 44.81711562], [24.30581985, 44.81708952], [24.3058362, 44.81706713], [24.30588949, 44.81705304], [24.30593281, 44.81704243], [24.30596471, 44.81702767], [24.30598253, 44.81700738], [24.30598318, 44.81698536], [24.30597572, 44.81697063], [24.3059556, 44.81695962], [24.30593438, 44.81694319], [24.30593369, 44.81693409], [24.30593275, 44.81692142], [24.30595218, 44.81689352], [24.30597953, 44.81688386], [24.30601715, 44.81687182], [24.30605055, 44.81686568], [24.30609165, 44.81686042], [24.30612981, 44.81685304], [24.30615558, 44.8168388], [24.30616292, 44.81682192], [24.30615716, 44.8168058], [24.30610068, 44.81678532], [24.30604543, 44.81677864], [24.30599008, 44.81678083], [24.30596809, 44.81677857], [24.30595689, 44.81676963], [24.30595764, 44.81675735], [24.30595786, 44.81675676], [24.30597057, 44.81672272], [24.30600885, 44.81660696], [24.30600867, 44.81657681], [24.30600844, 44.81653814], [24.30600276, 44.81651566], [24.30598996, 44.81649146], [24.30596098, 44.81647604], [24.30594576, 44.81645647], [24.30594671, 44.81645087], [24.30595283, 44.81641493], [24.30596627, 44.81633595], [24.30598251, 44.81632038], [24.30600342, 44.81631374], [24.30603676, 44.81631013], [24.30612165, 44.81629769], [24.30614615, 44.81628896], [24.3061616, 44.8162685], [24.30616427, 44.81626494], [24.30617293, 44.81623875], [24.30617061, 44.81618539], [24.30613522, 44.81606155], [24.30612516, 44.81580529], [24.30611047, 44.8156866], [24.30610439, 44.81563524], [24.30608303, 44.81559811], [24.30602836, 44.81553555], [24.30600301, 44.81551275], [24.30598773, 44.81549901], [24.30596396, 44.81547762], [24.30587697, 44.81543727], [24.30587676, 44.81543718], [24.3058767, 44.81543716], [24.3058747, 44.81543623], [24.30583699, 44.81542024], [24.30580953, 44.81541648], [24.30578468, 44.81541848], [24.30576476, 44.81542791], [24.30572673, 44.81543938], [24.30570492, 44.81543852], [24.30568758, 44.81543078], [24.30567429, 44.81540803], [24.30566966, 44.81537459], [24.30566426, 44.81534996], [24.30565638, 44.81533559], [24.30564003, 44.81532857], [24.30562055, 44.81532917], [24.30560237, 44.8153343], [24.30558098, 44.81535661], [24.3055713, 44.81538043], [24.30556921, 44.81541287], [24.30555361, 44.8154283], [24.30553211, 44.81543031], [24.30551606, 44.8154264], [24.30550381, 44.81541176], [24.30549881, 44.81538236], [24.30550369, 44.81518425], [24.30551785, 44.81497031], [24.30553253, 44.81490108], [24.30558466, 44.81478529], [24.30565567, 44.81457504], [24.30567119, 44.81452911], [24.3056701, 44.81450547], [24.30566617, 44.81449217], [24.30562848, 44.81448741], [24.30555283, 44.81449924], [24.30544863, 44.8145012], [24.30532388, 44.81448282], [24.3052147, 44.81444686], [24.30500299, 44.81432697], [24.3049528, 44.81430045], [24.30490246, 44.8142888], [24.3048465, 44.81427232], [24.30483788, 44.81426978], [24.30483628, 44.81426931], [24.30482011, 44.81426301], [24.3047899, 44.81429378], [24.30467077, 44.81425468], [24.30459051, 44.81425346], [24.30451459, 44.81427575], [24.3043488, 44.81432443], [24.30429265, 44.81433492], [24.30413131, 44.81436503], [24.30410706, 44.81436893], [24.30400248, 44.81438569], [24.30395977, 44.81439866], [24.30381617, 44.81444227], [24.30369618, 44.8144787], [24.30357402, 44.81451578], [24.30326623, 44.81460924], [24.3029466, 44.81470629], [24.30292089, 44.81472118], [24.30260031, 44.81490681], [24.30254739, 44.81492668], [24.30239143, 44.81498521], [24.30223139, 44.81504529], [24.3020745, 44.81510418], [24.30190793, 44.81516669], [24.3017164, 44.81523859], [24.30158302, 44.81528864], [24.30141217, 44.81535278], [24.30111887, 44.81541221], [24.30107659, 44.81541581], [24.30072691, 44.8154477], [24.30027197, 44.81543167], [24.30018876, 44.81542912], [24.30018341, 44.81542863], [24.30003776, 44.81541529], [24.29980931, 44.81539436], [24.29968673, 44.81538314], [24.29956469, 44.81537196], [24.29944316, 44.81536083], [24.29933986, 44.81535137], [24.2991513, 44.8153341], [24.29903123, 44.81530031], [24.29897009, 44.8152831], [24.29889746, 44.81526268], [24.29876826, 44.81519426], [24.29849506, 44.8149788], [24.29840219, 44.81491818], [24.29817299, 44.81479329], [24.29789634, 44.81459256], [24.29774496, 44.81456338], [24.29749952, 44.8145019], [24.29727239, 44.8144302], [24.29684796, 44.81437207], [24.2968117, 44.81437779], [24.29677145, 44.81440462], [24.29675659, 44.81448049], [24.29675572, 44.81458326], [24.29679196, 44.81469146], [24.29686841, 44.8148215], [24.29702485, 44.81498507]]]]}}, {"type": "Feature", "properties": {"tarla": "33", "nr_parcele": 59, "suprafata_totala": 120436}, "geometry": {"type": "MultiPolygon", "coordinates": [[[[24.28696172, 44.82739335], [24.28694294, 44.82738655], [24.28670429, 44.82754492], [24.28670013, 44.82754387], [24.2865372, 44.82766527], [24.28652831, 44.82767167], [24.28652752, 44.82767226], [24.28640402, 44.82774793], [24.28634448, 44.82779311], [24.2862494, 44.82786526], [24.28620478, 44.8279006], [24.2862036, 44.82790153], [24.28619515, 44.82790822], [24.28607319, 44.82800968], [24.28595722, 44.82809285], [24.28595308, 44.82809086], [24.28585711, 44.82813866], [24.28584674, 44.82814382], [24.28570935, 44.82821224], [24.28563072, 44.82824019], [24.28550225, 44.82828583], [24.28521652, 44.82838793], [24.28521859, 44.8283886], [24.28495128, 44.82849003], [24.28475784, 44.82859638], [24.28475036, 44.82860364], [24.28469434, 44.82865794], [24.284628, 44.82873412], [24.2845393, 44.82884264], [24.28446757, 44.82892561], [24.28444858, 44.82894549], [24.28441659, 44.82898965], [24.28439709, 44.82902485], [24.2843923, 44.82903803], [24.28438305, 44.82907459], [24.28438043, 44.82914863], [24.28434809, 44.829141], [24.28435856, 44.8291794], [24.28439162, 44.82921634], [24.28442962, 44.82925399], [24.28445044, 44.82926787], [24.28453893, 44.82931189], [24.28466934, 44.82936874], [24.28481748, 44.82939878], [24.28491339, 44.82941579], [24.28507366, 44.82944369], [24.28508596, 44.82944583], [24.28515603, 44.82945803], [24.28519406, 44.82946417], [24.28518909, 44.82948298], [24.28522704, 44.82948883], [24.28563516, 44.82955831], [24.28668015, 44.82973976], [24.28765669, 44.82991185], [24.28771051, 44.8299225], [24.28773127, 44.82992661], [24.28781046, 44.82993848], [24.28798095, 44.82996404], [24.28804621, 44.82997493], [24.28805852, 44.82997698], [24.28827206, 44.8300126], [24.28843433, 44.83004716], [24.28858185, 44.83006917], [24.28858658, 44.83006122], [24.28859151, 44.83005293], [24.28872549, 44.82982765], [24.28872552, 44.8298276], [24.28882535, 44.82965975], [24.28882538, 44.82965971], [24.28882768, 44.82965585], [24.28885454, 44.82961898], [24.28898093, 44.82944549], [24.28898096, 44.82944545], [24.28898281, 44.82944292], [24.28911309, 44.82933322], [24.28915917, 44.82929705], [24.28927623, 44.82920341], [24.28927626, 44.82920337], [24.28932113, 44.82916361], [24.28948681, 44.82903538], [24.28959767, 44.82895062], [24.28960629, 44.82894405], [24.28973293, 44.82884762], [24.28982776, 44.82877539], [24.28990025, 44.82872796], [24.28989547, 44.82872513], [24.28990356, 44.82871821], [24.28990865, 44.82872123], [24.28995559, 44.82867715], [24.29003847, 44.82858018], [24.29009199, 44.82851139], [24.29011974, 44.82847648], [24.29012537, 44.8284694], [24.29012584, 44.8284686], [24.29015667, 44.82841532], [24.29018748, 44.82838291], [24.29022226, 44.82834004], [24.29030486, 44.82821987], [24.29033919, 44.82815766], [24.2903392, 44.82815762], [24.29037502, 44.8280927], [24.29042851, 44.82798039], [24.29049546, 44.8278576], [24.2905115, 44.82786163], [24.29051984, 44.82784522], [24.29051987, 44.82784518], [24.29055676, 44.8277726], [24.2905746, 44.82774692], [24.29064511, 44.82763561], [24.29070374, 44.82759554], [24.29070379, 44.8275955], [24.29077834, 44.82754453], [24.29091648, 44.82728648], [24.29084026, 44.82725194], [24.29082957, 44.8272471], [24.29049348, 44.82709483], [24.29049342, 44.8270948], [24.29046654, 44.82708263], [24.29030924, 44.82701137], [24.29010525, 44.82691843], [24.29010519, 44.82691841], [24.28993861, 44.82684251], [24.28973895, 44.82674853], [24.28970925, 44.8267352], [24.28969855, 44.82673039], [24.2895152, 44.82664806], [24.28946062, 44.82662383], [24.28937557, 44.82658607], [24.28930113, 44.82655138], [24.28930108, 44.82655136], [24.28914994, 44.82648092], [24.28906426, 44.82644156], [24.28886718, 44.82635009], [24.28886712, 44.82635007], [24.28874002, 44.82629108], [24.28869771, 44.82627263], [24.28867228, 44.82626742], [24.28862825, 44.826262], [24.28859681, 44.82626469], [24.28856975, 44.82627117], [24.28852608, 44.8262914], [24.28850733, 44.82630038], [24.28845718, 44.82632361], [24.28842262, 44.82634807], [24.28837244, 44.82638451], [24.28828151, 44.82644901], [24.28823403, 44.82648446], [24.2882253, 44.82649097], [24.28817851, 44.82652589], [24.28809599, 44.82659133], [24.28786577, 44.82675501], [24.28785929, 44.8267596], [24.2878568, 44.82676136], [24.28773891, 44.82684518], [24.28763879, 44.82691702], [24.28733021, 44.8271411], [24.28723363, 44.82721061], [24.28722461, 44.82721692], [24.2871638, 44.8272594], [24.28704056, 44.8273411], [24.28696172, 44.82739335]], [[24.28853183, 44.82693441], [24.28934375, 44.82726144], [24.2892844, 44.82723754], [24.28853183, 44.82693441]]], [[[24.2965973, 44.8148436], [24.29652429, 44.81478574], [24.29648781, 44.81475483], [24.29642759, 44.81473218], [24.29635274, 44.81471143], [24.29632723, 44.81469296], [24.29631155, 44.81466763], [24.2962794, 44.81465057], [24.29644566, 44.81533201], [24.29645365, 44.81536802], [24.29645587, 44.81537807], [24.29659913, 44.81602503], [24.29662803, 44.81601935], [24.29681135, 44.81600653], [24.2968735, 44.81600612], [24.29662001, 44.81486148], [24.2965973, 44.8148436]]], [[[24.29587399, 44.81609059], [24.2958293, 44.81622297], [24.29573037, 44.81647111], [24.29571033, 44.81651736], [24.2957284, 44.81651551], [24.29573733, 44.81651459], [24.29605599, 44.81648191], [24.29609379, 44.81608858], [24.29606339, 44.81608799], [24.29587399, 44.81609059]]]]}}, {"type": "Feature", "properties": {"tarla": "34", "nr_parcele": 19, "suprafata_totala": 30487}, "geometry": {"type": "Polygon", "coordinates": [[[24.28978127, 44.82889519], [24.28964356, 44.82900319], [24.28955813, 44.82906249], [24.28941944, 44.82918556], [24.28919424, 44.82935302], [24.28914477, 44.82938498], [24.28908582, 44.82944627], [24.28904742, 44.82950203], [24.28893057, 44.82967175], [24.28883332, 44.82983852], [24.28877519, 44.82993866], [24.28868562, 44.83009136], [24.28912988, 44.8301745], [24.28916718, 44.8301798], [24.28917953, 44.8301818], [24.28936664, 44.83021745], [24.28942124, 44.83022644], [24.28943072, 44.83022742], [24.28973021, 44.83028152], [24.28978388, 44.83029035], [24.2897936, 44.83029194], [24.28979619, 44.83029241], [24.28995119, 44.83032057], [24.29010567, 44.830348], [24.29011793, 44.83035018], [24.29024115, 44.83037205], [24.29047515, 44.83041064], [24.29065896, 44.83044271], [24.2911612, 44.83052945], [24.29118295, 44.83037643], [24.29120939, 44.83019036], [24.29121022, 44.83018463], [24.29123275, 44.83001637], [24.29125554, 44.82984882], [24.2912768, 44.82969243], [24.29127936, 44.82967557], [24.29128546, 44.82963528], [24.29130245, 44.82951423], [24.29130803, 44.82948348], [24.29130861, 44.82947975], [24.29130981, 44.82947207], [24.29131304, 44.8294516], [24.29131645, 44.82942991], [24.29131964, 44.82940961], [24.29133266, 44.82932682], [24.2913379, 44.82929344], [24.29135115, 44.82919969], [24.29138353, 44.8289806], [24.29139565, 44.82889223], [24.2914167, 44.82875758], [24.29142704, 44.82865106], [24.29135028, 44.82864434], [24.29124418, 44.82864401], [24.2910915, 44.8286557], [24.29063382, 44.82870399], [24.29049502, 44.8287077], [24.29032228, 44.82871685], [24.29021394, 44.82873234], [24.29005349, 44.82874894], [24.28993098, 44.8287858], [24.28983612, 44.82885216], [24.28978127, 44.82889519]], [[24.29006941, 44.82992019], [24.29017172, 44.82993326], [24.29007974, 44.82992152], [24.29006941, 44.82992019]]]}}, {"type": "Feature", "properties": {"tarla": "36", "nr_parcele": 7, "suprafata_totala": 19456}, "geometry": {"type": "Polygon", "coordinates": [[[24.3100894, 44.81924537], [24.31009399, 44.81918335], [24.3100919, 44.81914501], [24.31007941, 44.81911664], [24.31005926, 44.8190864], [24.31003333, 44.81905566], [24.31000538, 44.8190345], [24.30996506, 44.81902742], [24.30984045, 44.81901013], [24.30964542, 44.81896331], [24.30946248, 44.81892524], [24.3092652, 44.81891355], [24.30899358, 44.81892009], [24.3087536, 44.81891863], [24.30861511, 44.81891596], [24.30850281, 44.81892166], [24.30843403, 44.81893584], [24.3083813, 44.81894738], [24.30834208, 44.81895581], [24.30831459, 44.8189488], [24.30823751, 44.8193111], [24.30823534, 44.81945606], [24.30823301, 44.81961262], [24.30823136, 44.81972277], [24.30822924, 44.81986403], [24.3082274, 44.81998677], [24.30823433, 44.81999739], [24.30831754, 44.82012508], [24.30846376, 44.82034942], [24.30853318, 44.82035415], [24.30862588, 44.82036393], [24.30874612, 44.82037776], [24.30889817, 44.82040101], [24.30896572, 44.82041239], [24.30901757, 44.8204124], [24.30905275, 44.82040774], [24.30911356, 44.82038237], [24.30928493, 44.8203009], [24.30944411, 44.82023577], [24.30951646, 44.82021851], [24.30954054, 44.82021476], [24.30954619, 44.82020867], [24.30955163, 44.82020282], [24.30955272, 44.82018302], [24.30954104, 44.82013661], [24.3095356, 44.82008594], [24.30952451, 44.81998282], [24.30952577, 44.81995225], [24.30952902, 44.81987242], [24.30953749, 44.81985653], [24.30954802, 44.81984482], [24.3095687, 44.81983414], [24.30959705, 44.81982767], [24.3096486, 44.81982058], [24.30965738, 44.81981981], [24.30971482, 44.81981472], [24.30979505, 44.81981482], [24.30983102, 44.81981751], [24.30987345, 44.81981549], [24.30991058, 44.81981022], [24.30994389, 44.81979163], [24.30997847, 44.81975049], [24.3099862, 44.81973192], [24.31001309, 44.81966745], [24.3100284, 44.81957807], [24.31005585, 44.81941797], [24.3100894, 44.81924537]]]}}, {"type": "Feature", "properties": {"tarla": "37", "nr_parcele": 14, "suprafata_totala": 17052}, "geometry": {"type": "Polygon", "coordinates": [[[24.29459039, 44.82763453], [24.29457866, 44.82768623], [24.29457148, 44.82771785], [24.29453913, 44.82786029], [24.29477691, 44.82802942], [24.29485951, 44.82809164], [24.29485629, 44.82809375], [24.29484727, 44.8280875], [24.29483845, 44.82809395], [24.2948475, 44.82810023], [24.29485635, 44.82809379], [24.29485957, 44.82809169], [24.29490501, 44.82812544], [24.29497792, 44.82819132], [24.29496805, 44.82819698], [24.29497599, 44.82820399], [24.29498582, 44.82819833], [24.29513819, 44.82833533], [24.29517271, 44.82836277], [24.29518085, 44.82836966], [24.29533607, 44.82850104], [24.29560298, 44.82874518], [24.29572328, 44.82884182], [24.29603518, 44.82908253], [24.29621857, 44.82922408], [24.29644992, 44.82940262], [24.29650161, 44.82940111], [24.29655889, 44.82937771], [24.29659278, 44.82933949], [24.29661128, 44.82927321], [24.2966119, 44.8292222], [24.29656841, 44.82908286], [24.29656139, 44.82901402], [24.29658869, 44.82890029], [24.29669461, 44.82868227], [24.29664821, 44.82855922], [24.29657904, 44.8283758], [24.29674223, 44.82807293], [24.29625333, 44.82789116], [24.29565823, 44.82774874], [24.29552322, 44.82773102], [24.29548347, 44.82773264], [24.29534766, 44.82769291], [24.29525096, 44.82767916], [24.29518943, 44.82767351], [24.29513523, 44.82766368], [24.29506469, 44.82765087], [24.2949804, 44.82764258], [24.29480799, 44.82762778], [24.29465095, 44.8276283], [24.29459039, 44.82763453]]]}}, {"type": "Feature", "properties": {"tarla": "38", "nr_parcele": 13, "suprafata_totala": 26799}, "geometry": {"type": "Polygon", "coordinates": [[[24.29186374, 44.82709625], [24.29185637, 44.82714635], [24.2918441, 44.82722964], [24.29181251, 44.82743954], [24.2918125, 44.8274396], [24.29180579, 44.82748411], [24.29178639, 44.82767763], [24.29182364, 44.82768759], [24.29181701, 44.82772629], [24.291779, 44.82794774], [24.29176387, 44.82803591], [24.29173368, 44.82826754], [24.29172343, 44.8283462], [24.29176733, 44.82835418], [24.29193869, 44.82835567], [24.29207126, 44.82834557], [24.29247164, 44.8283106], [24.2926555, 44.82829829], [24.29271739, 44.82829418], [24.29282335, 44.82829138], [24.29301539, 44.82828678], [24.29322839, 44.82827296], [24.29351433, 44.82826289], [24.29366317, 44.82825671], [24.29374094, 44.82825348], [24.29385531, 44.82824873], [24.29392348, 44.82825093], [24.29404004, 44.8282547], [24.2940614, 44.82825753], [24.29443286, 44.82830668], [24.29464212, 44.82834955], [24.29488327, 44.82839832], [24.29495287, 44.82829156], [24.29468396, 44.82808755], [24.29454485, 44.82797974], [24.29437011, 44.82780085], [24.29436062, 44.82779112], [24.29408971, 44.82757635], [24.29405635, 44.8275499], [24.29394755, 44.82748834], [24.29388254, 44.82745849], [24.29388248, 44.82745845], [24.29373156, 44.82738056], [24.29364771, 44.8273377], [24.29363743, 44.82733245], [24.2933621, 44.82719172], [24.29328562, 44.82716527], [24.29328554, 44.82716524], [24.29315522, 44.82712016], [24.2929976, 44.8270664], [24.29292888, 44.82705798], [24.29293368, 44.82704965], [24.29292197, 44.82704624], [24.29291721, 44.82705453], [24.29283509, 44.82703019], [24.29283226, 44.82703585], [24.29244766, 44.82693156], [24.29244757, 44.82693154], [24.29193296, 44.82678323], [24.29193289, 44.82678321], [24.29191075, 44.82677682], [24.29186375, 44.82709619], [24.29186374, 44.82709625]]]}}, {"type": "Feature", "properties": {"tarla": "39", "nr_parcele": 9, "suprafata_totala": 9857}, "geometry": {"type": "Polygon", "coordinates": [[[24.29103852, 44.827343], [24.29102769, 44.82733835], [24.29102249, 44.82733612], [24.29098698, 44.8273796], [24.29090502, 44.82749929], [24.29085759, 44.82756855], [24.29079931, 44.82766286], [24.29065369, 44.82794], [24.29054584, 44.82812235], [24.29054092, 44.82813065], [24.29052881, 44.82815115], [24.29052543, 44.8281508], [24.29045932, 44.82826791], [24.29041147, 44.82832442], [24.29025935, 44.82847991], [24.29011499, 44.82865676], [24.29013011, 44.8286768], [24.29015909, 44.82868052], [24.29035027, 44.82867438], [24.29040748, 44.82866933], [24.29054776, 44.82865696], [24.29067676, 44.82864404], [24.29087842, 44.82862408], [24.29109953, 44.82860457], [24.29143696, 44.8285748], [24.29143352, 44.82854269], [24.29144456, 44.82854124], [24.29145412, 44.82849347], [24.29146925, 44.82839832], [24.29148864, 44.82828378], [24.29143268, 44.82827299], [24.29143843, 44.82824089], [24.29149563, 44.82824607], [24.29149819, 44.82823237], [24.29150522, 44.82817986], [24.29153687, 44.82794372], [24.29154982, 44.82784712], [24.29155739, 44.82781061], [24.29155765, 44.82780929], [24.29157688, 44.82768338], [24.29158825, 44.82758587], [24.29153859, 44.82756371], [24.29152788, 44.82755893], [24.29152179, 44.82755621], [24.29141615, 44.82750917], [24.29138911, 44.82749712], [24.29126101, 44.82744008], [24.29122955, 44.82742607], [24.29116158, 44.82739581], [24.29103852, 44.827343]]]}}, {"type": "Feature", "properties": {"tarla": "40", "nr_parcele": 20, "suprafata_totala": 38666}, "geometry": {"type": "Polygon", "coordinates": [[[24.29059285, 44.8250481], [24.29058707, 44.82504476], [24.29050811, 44.82509216], [24.29048361, 44.82513722], [24.29039183, 44.82512992], [24.29037673, 44.82514271], [24.2904016, 44.82515821], [24.29041144, 44.82520182], [24.29031865, 44.82538039], [24.29024392, 44.82549143], [24.29017834, 44.82557062], [24.29013383, 44.82562438], [24.29004267, 44.82583061], [24.29005127, 44.82601815], [24.28998221, 44.82614416], [24.28987848, 44.82630951], [24.28977917, 44.82642603], [24.28971495, 44.82650137], [24.28968348, 44.82660669], [24.2897885, 44.8266627], [24.28981933, 44.82667432], [24.2898305, 44.82667854], [24.28983731, 44.82668111], [24.28995695, 44.82673843], [24.28999095, 44.82675472], [24.29037135, 44.82692512], [24.29104538, 44.82722706], [24.29125977, 44.827336], [24.29139556, 44.8273912], [24.29155194, 44.82745479], [24.29160628, 44.82743864], [24.29165004, 44.827133], [24.29166836, 44.82701836], [24.291673, 44.827019], [24.29169029, 44.82690245], [24.29168658, 44.82690066], [24.29169058, 44.82685802], [24.29169584, 44.82685752], [24.29170981, 44.82676476], [24.29172875, 44.82663906], [24.29173347, 44.8266019], [24.29172786, 44.82659958], [24.29176847, 44.8263213], [24.29176892, 44.82631818], [24.29180662, 44.82604841], [24.29181422, 44.82601218], [24.29182859, 44.82591054], [24.2918514, 44.82576986], [24.29185186, 44.82576559], [24.29185184, 44.82576555], [24.29189224, 44.82538765], [24.29189336, 44.82538135], [24.291948, 44.82500997], [24.29195037, 44.8249938], [24.29196668, 44.82487373], [24.29200118, 44.82462001], [24.29200934, 44.82447048], [24.29193461, 44.824385], [24.2918349, 44.82428387], [24.2916719, 44.8242579], [24.29142072, 44.82422556], [24.29139293, 44.8242274], [24.2913519, 44.82423875], [24.29132412, 44.82425009], [24.29128955, 44.82426883], [24.29125716, 44.82429012], [24.2912481, 44.82429489], [24.29124422, 44.82430044], [24.29118246, 44.8243888], [24.29112634, 44.82447533], [24.29112439, 44.82447837], [24.29112087, 44.82448344], [24.29101574, 44.82463498], [24.29093787, 44.82474853], [24.29093416, 44.82475394], [24.29093186, 44.82475645], [24.29086567, 44.82482891], [24.29080893, 44.82488515], [24.29076465, 44.8249254], [24.29070719, 44.82497688], [24.29067905, 44.8249937], [24.29064468, 44.82501378], [24.29064462, 44.82501382], [24.2906441, 44.82501412], [24.29063177, 44.82501956], [24.29062335, 44.82502299], [24.29059285, 44.8250481]]]}}, {"type": "Feature", "properties": {"tarla": "41", "nr_parcele": 8, "suprafata_totala": 9550}, "geometry": {"type": "MultiPolygon", "coordinates": [[[[24.28921808, 44.82503441], [24.28921196, 44.82510678], [24.28960719, 44.82516598], [24.28944469, 44.82534807], [24.2895984, 44.82541754], [24.28995862, 44.82511912], [24.28964993, 44.82507442], [24.28921808, 44.82503441]]], [[[24.28987519, 44.82531531], [24.28986262, 44.82532506], [24.28982717, 44.82535088], [24.28974544, 44.82540954], [24.28963566, 44.82548099], [24.28953379, 44.8255473], [24.28947607, 44.82558487], [24.28930326, 44.82570912], [24.28925277, 44.82575022], [24.28924446, 44.82575697], [24.28909903, 44.8258753], [24.28893564, 44.82599744], [24.28872541, 44.82617139], [24.28908745, 44.8263359], [24.28965607, 44.82659666], [24.28967232, 44.82648731], [24.28981065, 44.82628298], [24.2899266, 44.82614065], [24.2899708, 44.82605203], [24.28998297, 44.82588302], [24.28999264, 44.82582386], [24.29008579, 44.8256118], [24.29013476, 44.82555234], [24.29019923, 44.82547449], [24.29027201, 44.82536634], [24.29036113, 44.82519488], [24.29036244, 44.82516232], [24.29011673, 44.82512725], [24.28996246, 44.82524735], [24.28993212, 44.82527098], [24.28992359, 44.82527762], [24.28987519, 44.82531531]]]]}}, {"type": "Feature", "properties": {"tarla": "42", "nr_parcele": 5, "suprafata_totala": 5993}, "geometry": {"type": "Polygon", "coordinates": [[[24.29085824, 44.82413516], [24.29049935, 44.82406969], [24.29041358, 44.82405571], [24.29033584, 44.82404304], [24.29022792, 44.82403471], [24.29021957, 44.82409967], [24.29019237, 44.82420468], [24.29018147, 44.8242468], [24.29016571, 44.82434522], [24.29017031, 44.82442705], [24.29015972, 44.82460839], [24.29016412, 44.82464705], [24.2901583, 44.82478533], [24.2901494, 44.82496126], [24.29019531, 44.824963], [24.29027995, 44.82495715], [24.2904362, 44.82493265], [24.29050585, 44.82492421], [24.29064938, 44.82490682], [24.29070612, 44.82488237], [24.29081778, 44.82478081], [24.29093846, 44.82462049], [24.29098121, 44.82458259], [24.29104482, 44.8244827], [24.29116838, 44.82427625], [24.29120399, 44.82423435], [24.2912646, 44.82420688], [24.29096519, 44.82415363], [24.29085824, 44.82413516]], [[24.29045334, 44.82485895], [24.29048166, 44.82452046], [24.29046438, 44.82472713], [24.29045334, 44.82485895]]]}}, {"type": "Feature", "properties": {"tarla": "43", "nr_parcele": 1, "suprafata_totala": 2438}, "geometry": {"type": "Polygon", "coordinates": [[[24.2932278, 44.82708531], [24.29315981, 44.82705451], [24.29312116, 44.82705189], [24.29313087, 44.8269793], [24.29315402, 44.82680355], [24.29320049, 44.82679006], [24.29366882, 44.82681059], [24.29371298, 44.82681252], [24.29406112, 44.82683204], [24.2940757, 44.82684755], [24.29403048, 44.82710796], [24.293746, 44.82710716], [24.29373063, 44.82710808], [24.29356054, 44.82712857], [24.29349586, 44.82713957], [24.29336218, 44.82713178], [24.2932278, 44.82708531]]]}}, {"type": "Feature", "properties": {"tarla": "44", "nr_parcele": 20, "suprafata_totala": 51133}, "geometry": {"type": "Polygon", "coordinates": [[[24.29300728, 44.82400132], [24.2926934, 44.82398254], [24.29267737, 44.82398159], [24.29232617, 44.82396345], [24.29230457, 44.82416013], [24.29227938, 44.82438734], [24.29225463, 44.8246198], [24.2922277, 44.82482271], [24.29219173, 44.82507878], [24.29216082, 44.82525815], [24.29213549, 44.82540472], [24.29207588, 44.82584837], [24.29204746, 44.82609971], [24.29203601, 44.82619302], [24.29201509, 44.82636353], [24.2919845, 44.82661073], [24.29197836, 44.82666047], [24.2922021, 44.82676856], [24.29233494, 44.82681372], [24.2925911, 44.82689196], [24.29255075, 44.82671051], [24.29242315, 44.82604035], [24.29264725, 44.82605988], [24.29266782, 44.82590101], [24.29273096, 44.8254135], [24.29280587, 44.82541723], [24.29283495, 44.82541868], [24.29292782, 44.82542332], [24.29300201, 44.82542633], [24.29305286, 44.82542508], [24.29330836, 44.82543184], [24.2933986, 44.82543315], [24.29349598, 44.82543455], [24.29368386, 44.82544767], [24.29369196, 44.82544824], [24.29395811, 44.82546682], [24.29400677, 44.82546787], [24.29422793, 44.82547263], [24.29458777, 44.82548613], [24.29472382, 44.82549327], [24.29473368, 44.82539807], [24.29450586, 44.82538716], [24.29424642, 44.82537474], [24.29399417, 44.82535804], [24.29351485, 44.82531585], [24.29333989, 44.82530333], [24.29319561, 44.8252987], [24.29281554, 44.82528947], [24.29280107, 44.82528912], [24.29280974, 44.82511399], [24.29282887, 44.82511494], [24.29353759, 44.8251502], [24.29353565, 44.82518881], [24.2944878, 44.82527405], [24.29449259, 44.82527447], [24.29485768, 44.82530716], [24.29560629, 44.82534929], [24.29560238, 44.82521216], [24.29560128, 44.82517386], [24.29560011, 44.82513298], [24.29567275, 44.82497877], [24.29569371, 44.82493425], [24.29585064, 44.82497653], [24.29614278, 44.82505524], [24.29610799, 44.82511641], [24.29607602, 44.82533403], [24.29604406, 44.82555298], [24.29636683, 44.82556332], [24.29640618, 44.82556737], [24.29657977, 44.82558527], [24.29694635, 44.82562303], [24.29730517, 44.82565999], [24.29741522, 44.82567133], [24.29749556, 44.82543907], [24.29722754, 44.82533798], [24.29715292, 44.82530984], [24.29708924, 44.82545471], [24.2966776, 44.82539273], [24.29661357, 44.82539333], [24.29675303, 44.82517639], [24.29669437, 44.82512223], [24.29661738, 44.82505418], [24.29660725, 44.82507556], [24.29659726, 44.82508583], [24.29655681, 44.8250786], [24.29653313, 44.82503377], [24.29638249, 44.82495241], [24.29631427, 44.82492324], [24.29629495, 44.82491725], [24.29623652, 44.8248904], [24.29614454, 44.8248312], [24.29607593, 44.82480551], [24.29598272, 44.82468759], [24.29591078, 44.82461495], [24.29593017, 44.82454618], [24.29594804, 44.82446094], [24.29593545, 44.82445964], [24.29593738, 44.82445075], [24.2959499, 44.82445204], [24.29595188, 44.82444254], [24.29595032, 44.8243349], [24.2959257, 44.82429948], [24.29571106, 44.8242536], [24.2950574, 44.82417112], [24.29448214, 44.82410013], [24.29436055, 44.82408854], [24.29436047, 44.82408854], [24.29409692, 44.82406446], [24.29341227, 44.8240207], [24.29300728, 44.82400132]]]}}, {"type": "Feature", "properties": {"tarla": "45", "nr_parcele": 58, "suprafata_totala": 338977}, "geometry": {"type": "MultiPolygon", "coordinates": [[[[24.32003549, 44.81586214], [24.31991199, 44.81588075], [24.31990209, 44.81588321], [24.31987831, 44.81588914], [24.31979154, 44.81591077], [24.31978496, 44.81591241], [24.3197456, 44.81592222], [24.31968639, 44.81594473], [24.31967431, 44.81594931], [24.31964627, 44.81595997], [24.31947719, 44.81600521], [24.31921145, 44.81606535], [24.31915803, 44.81607406], [24.31908539, 44.81608592], [24.3190585, 44.81610304], [24.31898358, 44.8161153], [24.31892167, 44.81612543], [24.31886536, 44.81612905], [24.31883324, 44.81611941], [24.31883345, 44.81606982], [24.31885393, 44.81601685], [24.31888807, 44.81585622], [24.3188946, 44.81562721], [24.31887136, 44.81544392], [24.31859129, 44.81557716], [24.31830983, 44.81562429], [24.3180459, 44.81559229], [24.31789513, 44.81551519], [24.31761283, 44.81525079], [24.31737156, 44.81526756], [24.31722096, 44.81533922], [24.31741165, 44.81551839], [24.31731768, 44.81586055], [24.31735052, 44.81615183], [24.31739767, 44.81690702], [24.317383, 44.81720406], [24.31746966, 44.8173852], [24.31756531, 44.81750171], [24.31857711, 44.81787302], [24.31904892, 44.81814183], [24.31944867, 44.81831344], [24.31954678, 44.81836636], [24.31965881, 44.81842677], [24.3196656, 44.81843044], [24.31975942, 44.81858748], [24.3197892, 44.81863732], [24.31995829, 44.81870434], [24.32031133, 44.8190479], [24.3206429, 44.81922349], [24.32070658, 44.81936984], [24.32072686, 44.81960044], [24.32078366, 44.81990676], [24.32078575, 44.82010581], [24.32074072, 44.82028695], [24.32078587, 44.82041229], [24.32107819, 44.82078667], [24.32220797, 44.82110583], [24.32257222, 44.82120258], [24.32274191, 44.82127287], [24.32301773, 44.82125516], [24.32338342, 44.82119936], [24.32381973, 44.82105693], [24.32397509, 44.82106371], [24.32415969, 44.82098617], [24.32478086, 44.82066981], [24.32517795, 44.82053889], [24.32557626, 44.82030434], [24.32629015, 44.8201494], [24.32630674, 44.8201458], [24.32642405, 44.82011976], [24.32674725, 44.82004802], [24.32680137, 44.81991848], [24.32683581, 44.81986671], [24.32688248, 44.81979656], [24.32692284, 44.81975089], [24.32704664, 44.81964444], [24.32709775, 44.81961982], [24.32720491, 44.81958971], [24.32721853, 44.81958589], [24.32745455, 44.81955993], [24.32754047, 44.81953353], [24.32759416, 44.81950505], [24.32759506, 44.81950437], [24.32780216, 44.81934745], [24.32792513, 44.8192543], [24.32813507, 44.81905647], [24.32824, 44.81897284], [24.32826071, 44.81895588], [24.3283235, 44.8189044], [24.32836127, 44.81884352], [24.32838297, 44.81878253], [24.32839461, 44.81859927], [24.32840816, 44.8185764], [24.32845912, 44.81855375], [24.32850473, 44.81855772], [24.32860362, 44.8186115], [24.32864379, 44.81861542], [24.32867878, 44.81858503], [24.32869257, 44.81852013], [24.32871405, 44.81851072], [24.32873541, 44.81851076], [24.3288103, 44.81856259], [24.3289494, 44.81861643], [24.32908052, 44.81868183], [24.32911059, 44.81869377], [24.32918222, 44.81872221], [24.32922499, 44.81873002], [24.32935651, 44.81870758], [24.3294099, 44.81868783], [24.32946396, 44.81866781], [24.32950159, 44.81863932], [24.32951513, 44.81859548], [24.32956081, 44.81857082], [24.32959842, 44.81857672], [24.32962874, 44.81859487], [24.32963044, 44.8185959], [24.32965181, 44.81861888], [24.32968398, 44.81862466], [24.32974829, 44.81860776], [24.32984506, 44.81856036], [24.32986312, 44.81855961], [24.32993085, 44.81855682], [24.33000594, 44.81856852], [24.33003804, 44.81855908], [24.33008643, 44.81854208], [24.33011917, 44.81854365], [24.33012926, 44.81854414], [24.33016147, 44.81853659], [24.33017506, 44.81852137], [24.33021521, 44.81851575], [24.33030118, 44.81847405], [24.33032272, 44.81847031], [24.33034852, 44.81847589], [24.33044859, 44.81849752], [24.33052627, 44.81850536], [24.33063114, 44.81853242], [24.33067617, 44.81854405], [24.33076199, 44.81854627], [24.33082632, 44.81853891], [24.33097658, 44.81851459], [24.33107319, 44.81849195], [24.33124504, 44.81842771], [24.33141678, 44.81840344], [24.33155628, 44.81836952], [24.33156622, 44.81831936], [24.33154788, 44.81825427], [24.33154825, 44.81819046], [24.33158543, 44.81785435], [24.33161002, 44.81776279], [24.33171273, 44.81756467], [24.33176163, 44.81742735], [24.33178376, 44.81727475], [24.33178387, 44.81724424], [24.33177323, 44.81723464], [24.33165792, 44.81723423], [24.33159359, 44.81724168], [24.33133619, 44.81724843], [24.33111093, 44.81727437], [24.33084799, 44.81732312], [24.33085708, 44.81739182], [24.33070155, 44.81748021], [24.3306875, 44.81748263], [24.33043132, 44.81752671], [24.33039985, 44.81751996], [24.33017669, 44.8174722], [24.32992322, 44.81741795], [24.32989317, 44.81741152], [24.32972205, 44.81733841], [24.32969531, 44.8173288], [24.32960419, 44.81729604], [24.32954008, 44.81726335], [24.32949722, 44.81725365], [24.32944361, 44.81725351], [24.32918058, 44.81730605], [24.32900355, 44.81735314], [24.32895507, 44.8173759], [24.32887178, 44.81742903], [24.32876443, 44.81746761], [24.32874022, 44.81747631], [24.32862733, 44.81754845], [24.32851804, 44.81759569], [24.3283277, 44.81768232], [24.32828069, 44.81770372], [24.32787615, 44.81794128], [24.32776998, 44.81800363], [24.32767221, 44.81803801], [24.32753369, 44.81808673], [24.32743454, 44.81809784], [24.32732184, 44.81810131], [24.32728344, 44.81809747], [24.32694673, 44.81806379], [24.32693071, 44.81806373], [24.3268395, 44.81806342], [24.32674299, 44.81807644], [24.32670007, 44.81807052], [24.32653948, 44.81801655], [24.32653478, 44.81801617], [24.32646445, 44.81801052], [24.32631965, 44.81802153], [24.32626607, 44.81803632], [24.32615588, 44.81806673], [24.32606211, 44.81806266], [24.32595503, 44.81802792], [24.32586938, 44.81798859], [24.32585869, 44.81798369], [24.3258052, 44.81795106], [24.32572782, 44.81787635], [24.32563379, 44.81781063], [24.32562898, 44.81780727], [24.32558633, 44.81775751], [24.32552427, 44.8177071], [24.32548487, 44.8176751], [24.32541589, 44.81764204], [24.32537247, 44.81762123], [24.32530737, 44.81759781], [24.32524404, 44.81757502], [24.32511549, 44.81753834], [24.32509032, 44.81752733], [24.32504064, 44.81750558], [24.32496575, 44.81746526], [24.32487933, 44.81739738], [24.32479486, 44.81733104], [24.32471469, 44.81727737], [24.32467633, 44.81725676], [24.32467184, 44.81725435], [24.32457552, 44.81721966], [24.3245006, 44.81718124], [24.32445617, 44.81714619], [24.32444461, 44.81713707], [24.32437034, 44.81694789], [24.32434906, 44.81691914], [24.32431576, 44.81689529], [24.32431169, 44.81689237], [24.32425007, 44.8168749], [24.32422865, 44.81687865], [24.32418047, 44.816869], [24.32418038, 44.816869], [24.32401963, 44.81686839], [24.32392034, 44.81688148], [24.32389854, 44.81688208], [24.32385811, 44.81688318], [24.32379434, 44.81688676], [24.3236978, 44.81688069], [24.32351658, 44.81685158], [24.32351569, 44.81685143], [24.32332272, 44.81683165], [24.32313409, 44.81679573], [24.3231085, 44.81679085], [24.32307638, 44.81679075], [24.32297986, 44.81677325], [24.32294283, 44.8167712], [24.32290492, 44.81676911], [24.32287277, 44.81676136], [24.32284592, 44.81676516], [24.32275038, 44.81675801], [24.32268509, 44.81675312], [24.32255745, 44.81674019], [24.32247076, 44.81673141], [24.32236441, 44.81671722], [24.32235285, 44.81671567], [24.32224579, 44.81669055], [24.32217373, 44.81666583], [24.32207938, 44.81663346], [24.322021, 44.81661342], [24.3219855, 44.81659585], [24.32189254, 44.81654985], [24.32179964, 44.81650386], [24.32170649, 44.81645776], [24.32165984, 44.81643467], [24.32161257, 44.81641962], [24.32137344, 44.81634349], [24.3213628, 44.8163401], [24.32119163, 44.81625168], [24.32117699, 44.81624524], [24.32099906, 44.816167], [24.32096662, 44.81614909], [24.32085999, 44.8160902], [24.32066745, 44.81600175], [24.32062332, 44.81598236], [24.32047475, 44.81591707], [24.32028736, 44.8158461], [24.32027145, 44.81584007], [24.32011058, 44.81584333], [24.32010918, 44.81584367], [24.32003549, 44.81586214]]], [[[24.29816857, 44.82394853], [24.29820731, 44.8239107], [24.29820694, 44.82390321], [24.29820197, 44.82380142], [24.29820075, 44.82370648], [24.29819958, 44.82361585], [24.29820055, 44.82359849], [24.29820205, 44.82357103], [24.29819524, 44.82354734], [24.29817483, 44.82352857], [24.29784111, 44.82354226], [24.29779068, 44.82355602], [24.2977529, 44.8235761], [24.29771772, 44.82359705], [24.29765027, 44.82363723], [24.29751358, 44.82370826], [24.29743285, 44.82376187], [24.29743279, 44.82376191], [24.29740844, 44.82377808], [24.29735381, 44.8237943], [24.29727085, 44.82380934], [24.2971545, 44.82383461], [24.29704566, 44.82382306], [24.29699332, 44.82382843], [24.29699325, 44.82382845], [24.29698894, 44.82382879], [24.29691713, 44.82384638], [24.2968402, 44.82388047], [24.29671147, 44.8239997], [24.29664894, 44.82405763], [24.2966414, 44.82406485], [24.29662842, 44.82408097], [24.29661492, 44.82411474], [24.2965262, 44.824124], [24.29636142, 44.82414874], [24.29599383, 44.82420395], [24.29580899, 44.82422495], [24.29571106, 44.8242536], [24.2959257, 44.82429948], [24.29595032, 44.8243349], [24.29595188, 44.82444254], [24.2959499, 44.82445204], [24.29594804, 44.82446094], [24.29593017, 44.82454618], [24.29591078, 44.82461495], [24.29598272, 44.82468759], [24.29607593, 44.82480551], [24.29614454, 44.8248312], [24.29623652, 44.8248904], [24.29629495, 44.82491725], [24.29631427, 44.82492324], [24.29638249, 44.82495241], [24.29653313, 44.82503377], [24.29655681, 44.8250786], [24.29659726, 44.82508583], [24.29660725, 44.82507556], [24.29661738, 44.82505418], [24.29661312, 44.82502978], [24.29662115, 44.825029], [24.29662124, 44.825029], [24.29663379, 44.8250294], [24.29663435, 44.82502041], [24.29662171, 44.82502001], [24.29662116, 44.82502893], [24.29661311, 44.82502971], [24.2966034, 44.82497413], [24.29662958, 44.8249809], [24.29683096, 44.82503297], [24.29694794, 44.82466583], [24.29704496, 44.8243613], [24.29711927, 44.82439298], [24.29734514, 44.82443918], [24.29749725, 44.82447529], [24.29759985, 44.82448389], [24.29774075, 44.82446045], [24.29784536, 44.82445856], [24.29807684, 44.82445439], [24.29808073, 44.82441666], [24.2980889, 44.82433716], [24.29810133, 44.82421614], [24.2981065, 44.82416579], [24.29811262, 44.82410634], [24.29811395, 44.82407844], [24.29815141, 44.82398931], [24.29816857, 44.82394853]], [[24.29620814, 44.82482312], [24.29620795, 44.82482507], [24.29619559, 44.82482469], [24.29619597, 44.82481847], [24.29619615, 44.8248157], [24.2962088, 44.8248161], [24.29620814, 44.82482312]]]]}}, {"type": "Feature", "properties": {"tarla": "46", "nr_parcele": 1, "suprafata_totala": 1292}, "geometry": {"type": "Polygon", "coordinates": [[[24.29677902, 44.82377761], [24.29676452, 44.82369633], [24.29676229, 44.82352253], [24.29739903, 44.82358388], [24.29739859, 44.82358669], [24.29739693, 44.82359568], [24.29740946, 44.82359686], [24.29741112, 44.82358794], [24.29739869, 44.82358669], [24.29739913, 44.82358389], [24.29752712, 44.82359622], [24.29752852, 44.8236419], [24.29727749, 44.82376523], [24.29715651, 44.82377886], [24.29707464, 44.8237782], [24.29700938, 44.82377866], [24.29681281, 44.82377776], [24.29677902, 44.82377761]]]}}, {"type": "Feature", "properties": {"tarla": "47", "nr_parcele": 49, "suprafata_totala": 61307}, "geometry": {"type": "Polygon", "coordinates": [[[24.29302464, 44.8216578], [24.29302497, 44.82163302], [24.29298983, 44.82158383], [24.29264722, 44.82157206], [24.29256999, 44.8215725], [24.29256482, 44.82173983], [24.29256537, 44.82175868], [24.292554, 44.82184107], [24.29255229, 44.8218538], [24.29254519, 44.82190689], [24.29253596, 44.82197584], [24.29251769, 44.82212081], [24.29250634, 44.82219574], [24.2924806, 44.8224391], [24.29245303, 44.82268938], [24.29245023, 44.82271869], [24.29243581, 44.82286909], [24.29241568, 44.82302952], [24.29240209, 44.82316979], [24.29240439, 44.82316998], [24.29240942, 44.82317036], [24.29240332, 44.82324684], [24.29239934, 44.82324664], [24.29239749, 44.82324655], [24.29239302, 44.82330952], [24.29237634, 44.82344713], [24.2923505, 44.823653], [24.29234264, 44.82372506], [24.29232544, 44.8239029], [24.29277632, 44.82392465], [24.29282398, 44.82392845], [24.29282407, 44.82392844], [24.29283743, 44.82392951], [24.29314913, 44.82395425], [24.29328396, 44.82395946], [24.29329658, 44.82395994], [24.29353154, 44.82396899], [24.29373365, 44.82397848], [24.29373373, 44.82397848], [24.29385778, 44.82398419], [24.29398184, 44.82398987], [24.29398196, 44.82398988], [24.29398555, 44.82399004], [24.29406664, 44.82399658], [24.29411738, 44.82399873], [24.29435597, 44.82401499], [24.29435604, 44.82401499], [24.29441826, 44.82401923], [24.29481225, 44.82405959], [24.29481146, 44.82406388], [24.29482401, 44.82406505], [24.29482477, 44.82406087], [24.29510988, 44.82409007], [24.29533955, 44.8241076], [24.29533976, 44.82410436], [24.29535238, 44.82410476], [24.29535215, 44.82410856], [24.29577001, 44.82413624], [24.29578741, 44.82413449], [24.29578748, 44.82413449], [24.29620992, 44.82409204], [24.29621001, 44.82409203], [24.29627366, 44.82408553], [24.29648971, 44.82404961], [24.29658904, 44.82397832], [24.29672435, 44.8238812], [24.29672678, 44.82383204], [24.29671296, 44.82379456], [24.29670725, 44.82360741], [24.29668381, 44.82341504], [24.29663843, 44.82330812], [24.29661405, 44.82325065], [24.29655525, 44.8231958], [24.29634017, 44.82309914], [24.29592702, 44.82307387], [24.29586106, 44.82306984], [24.29580383, 44.82306459], [24.29575471, 44.82305945], [24.29574235, 44.82305754], [24.29550531, 44.82301828], [24.29543311, 44.8230189], [24.29535014, 44.82299005], [24.2953422, 44.82298791], [24.29534213, 44.8229879], [24.29534205, 44.8229879], [24.29508921, 44.82296681], [24.29505954, 44.82295982], [24.29489103, 44.82292364], [24.29488275, 44.82286715], [24.29487638, 44.82286617], [24.29488573, 44.82273923], [24.2948543, 44.82257686], [24.29475516, 44.82238705], [24.29473398, 44.82229695], [24.2947169, 44.82216946], [24.29470559, 44.82196557], [24.29449199, 44.82195553], [24.29449191, 44.82195553], [24.29430542, 44.82194676], [24.29418965, 44.82193897], [24.29410396, 44.82193629], [24.29402263, 44.82193364], [24.29402256, 44.82193364], [24.29392076, 44.82193033], [24.29382367, 44.8219212], [24.2936142, 44.82190734], [24.29354463, 44.82190209], [24.29354455, 44.82190208], [24.29346984, 44.82189644], [24.29341129, 44.82189535], [24.29329741, 44.82189012], [24.29324044, 44.82188589], [24.29318335, 44.82187066], [24.29311837, 44.82184405], [24.29308724, 44.82182931], [24.29308161, 44.82182772], [24.29303904, 44.82181564], [24.29302266, 44.82180801], [24.29302339, 44.82175319], [24.29302464, 44.8216578]]]}}, {"type": "Feature", "properties": {"tarla": "48", "nr_parcele": 40, "suprafata_totala": 36284}, "geometry": {"type": "Polygon", "coordinates": [[[24.29062836, 44.8220616], [24.2902876, 44.82204432], [24.29025689, 44.82246208], [24.29047056, 44.82248114], [24.29047415, 44.82251435], [24.29047368, 44.82254334], [24.29047256, 44.82261265], [24.29047162, 44.8226713], [24.29047149, 44.82267881], [24.29046857, 44.82286166], [24.29047022, 44.82289443], [24.29047124, 44.82291446], [24.29047227, 44.82293463], [24.29047329, 44.82295492], [24.29047574, 44.82300364], [24.2904807, 44.82308381], [24.29046555, 44.82317047], [24.29041426, 44.82337056], [24.29040836, 44.82340881], [24.29037698, 44.8235765], [24.29036234, 44.8236547], [24.29035282, 44.8236896], [24.29031754, 44.82381385], [24.29030246, 44.82386693], [24.29029188, 44.8239042], [24.29025286, 44.8238993], [24.29023103, 44.82392882], [24.29022863, 44.82402916], [24.29022792, 44.82403471], [24.29033584, 44.82404304], [24.29041358, 44.82405571], [24.29049935, 44.82406969], [24.29085824, 44.82413516], [24.29096519, 44.82415363], [24.2912646, 44.82420688], [24.2914249, 44.82415696], [24.29146047, 44.82408149], [24.29159215, 44.82409695], [24.29158451, 44.82406513], [24.2916703, 44.82405006], [24.29169784, 44.82406411], [24.29204655, 44.82407479], [24.29204743, 44.82406552], [24.2920723, 44.82385457], [24.29209036, 44.82370903], [24.29210122, 44.82362153], [24.29211202, 44.82346755], [24.2921288, 44.82332051], [24.29214487, 44.82314794], [24.29216024, 44.82300836], [24.29217568, 44.82284837], [24.2921765, 44.82279357], [24.29218652, 44.82272707], [24.29219472, 44.82267418], [24.29220262, 44.82262669], [24.29220275, 44.82262594], [24.29222327, 44.82248894], [24.29222386, 44.82248563], [24.29223003, 44.82245097], [24.29223025, 44.82244978], [24.29223776, 44.82239181], [24.29224961, 44.82230039], [24.29225336, 44.82224846], [24.29226472, 44.8221616], [24.29226946, 44.82212362], [24.29227345, 44.82209173], [24.29227869, 44.82204979], [24.29227994, 44.82202314], [24.29228056, 44.82201011], [24.2922901, 44.82191705], [24.29229146, 44.82190762], [24.29229275, 44.82189867], [24.2922816, 44.82189639], [24.29185388, 44.82180738], [24.29182608, 44.82180159], [24.29182599, 44.82180158], [24.29182311, 44.82180098], [24.29162353, 44.82177596], [24.29138914, 44.82175478], [24.29138754, 44.82176371], [24.29137499, 44.82176258], [24.29137659, 44.82175365], [24.29096209, 44.8217162], [24.29095726, 44.82171587], [24.29095717, 44.82171586], [24.290673, 44.82169338], [24.29061035, 44.82166763], [24.29062836, 44.8220616]], [[24.29064769, 44.82318492], [24.29155018, 44.82328376], [24.29110372, 44.82323487], [24.29064769, 44.82318492]]]}}, {"type": "Feature", "properties": {"tarla": "50", "nr_parcele": 6, "suprafata_totala": 15025}, "geometry": {"type": "Polygon", "coordinates": [[[24.29270978, 44.81934652], [24.29254207, 44.81931294], [24.29245652, 44.81931058], [24.29237398, 44.81932274], [24.29224954, 44.8193462], [24.2920262, 44.8193883], [24.29144737, 44.81937028], [24.29073331, 44.81934803], [24.2906928, 44.81957975], [24.29067118, 44.81970341], [24.29067667, 44.81979177], [24.29141808, 44.81984706], [24.29171921, 44.8198599], [24.29172384, 44.81988848], [24.29172291, 44.82011833], [24.29186863, 44.82013163], [24.29183036, 44.82048427], [24.29196223, 44.8204952], [24.29197307, 44.82056897], [24.29195984, 44.82056785], [24.29195122, 44.82061106], [24.29196081, 44.82069292], [24.29198404, 44.82077923], [24.2918406, 44.82082016], [24.29190152, 44.82094784], [24.29195825, 44.82106634], [24.29202512, 44.82105845], [24.29208658, 44.82105117], [24.29214955, 44.8210398], [24.29232575, 44.82107415], [24.29232579, 44.82107416], [24.29238518, 44.82108574], [24.29239541, 44.82101793], [24.29243108, 44.82077004], [24.29245283, 44.82063293], [24.2924858, 44.82047839], [24.29249421, 44.82043899], [24.29254092, 44.82020561], [24.29254217, 44.82019936], [24.29259017, 44.81993625], [24.29265013, 44.8196399], [24.29270886, 44.81935042], [24.29270978, 44.81934652]]]}}, {"type": "Feature", "properties": {"tarla": "51", "nr_parcele": 12, "suprafata_totala": 16345}, "geometry": {"type": "Polygon", "coordinates": [[[24.29295856, 44.81942267], [24.29295628, 44.81943562], [24.29291349, 44.81963967], [24.29289112, 44.81975039], [24.2928676, 44.81986241], [24.29286465, 44.81987381], [24.29285007, 44.81995022], [24.29274672, 44.82047545], [24.29269742, 44.82072597], [24.29268466, 44.8207878], [24.29265261, 44.82096273], [24.29265128, 44.82097002], [24.29262992, 44.82107645], [24.29261965, 44.8211854], [24.2925801, 44.82149722], [24.29284997, 44.82150889], [24.29310763, 44.82151975], [24.2931437, 44.8215041], [24.293154, 44.82148761], [24.29315727, 44.82146889], [24.29317125, 44.82130402], [24.29317663, 44.82128357], [24.29318671, 44.82121504], [24.29321012, 44.82099578], [24.29320167, 44.82099304], [24.29323665, 44.82079013], [24.2932842, 44.82053463], [24.29332548, 44.82030722], [24.29340617, 44.82023137], [24.29343763, 44.82022494], [24.29376506, 44.82021123], [24.2939312, 44.82020709], [24.29436901, 44.82017723], [24.29440297, 44.82017502], [24.294444, 44.81990029], [24.29445319, 44.81983398], [24.2944929, 44.81957285], [24.29446731, 44.8195689], [24.29424402, 44.81954268], [24.29424396, 44.81954268], [24.2941502, 44.81953184], [24.29401614, 44.81951799], [24.29388117, 44.81950421], [24.29386338, 44.81950231], [24.29386331, 44.8195023], [24.29341252, 44.81945431], [24.29341245, 44.81945431], [24.29339917, 44.81945289], [24.29295856, 44.81942267]], [[24.29270255, 44.82119025], [24.29292426, 44.82120318], [24.29313125, 44.82121526], [24.29270255, 44.82119025]]]}}, {"type": "Feature", "properties": {"tarla": "52", "nr_parcele": 70, "suprafata_totala": 91958}, "geometry": {"type": "MultiPolygon", "coordinates": [[[[24.29455683, 44.82026199], [24.29442469, 44.82025189], [24.29420393, 44.82025547], [24.29403809, 44.82027086], [24.29356997, 44.82030043], [24.29346616, 44.82031867], [24.29341951, 44.82035919], [24.29338349, 44.82053116], [24.2933993, 44.82053109], [24.29337398, 44.82067408], [24.29337397, 44.82067414], [24.29337174, 44.82068672], [24.2933577, 44.82068557], [24.2933371, 44.82081263], [24.29330579, 44.82098018], [24.29331998, 44.82098688], [24.29331038, 44.82103538], [24.29330313, 44.82104416], [24.29329518, 44.82108119], [24.29328194, 44.82121544], [24.29327858, 44.82124972], [24.29327007, 44.82142164], [24.29324972, 44.82156406], [24.29315403, 44.82156546], [24.29313145, 44.82160557], [24.29310667, 44.82168756], [24.29311395, 44.82168868], [24.29312657, 44.82168907], [24.29312601, 44.82169807], [24.29311337, 44.82169767], [24.29311394, 44.82168874], [24.29310665, 44.82168762], [24.2931062, 44.82168908], [24.2930987, 44.82173631], [24.29310494, 44.82175982], [24.2931663, 44.82180123], [24.29323714, 44.82182464], [24.29330469, 44.82183587], [24.29337578, 44.82184044], [24.29360206, 44.82185301], [24.29408709, 44.82187995], [24.29439429, 44.82189944], [24.29467769, 44.82191031], [24.29477371, 44.82190544], [24.29480008, 44.8219863], [24.29479959, 44.82200482], [24.29479934, 44.82201381], [24.29478379, 44.82211735], [24.29477809, 44.82215533], [24.29479073, 44.82233091], [24.29489037, 44.82250707], [24.29493596, 44.82250764], [24.29496356, 44.82254191], [24.2949636, 44.82254196], [24.29498556, 44.82256708], [24.29499051, 44.82260611], [24.29497135, 44.8226899], [24.29497852, 44.82276476], [24.29499001, 44.8227952], [24.29500197, 44.82282989], [24.29500749, 44.82284589], [24.29501911, 44.82285822], [24.29503515, 44.82286471], [24.2950352, 44.82286473], [24.29511882, 44.82289859], [24.29523631, 44.82292866], [24.29542215, 44.82295971], [24.2954536, 44.82295586], [24.29562688, 44.82299423], [24.29571308, 44.82301436], [24.29576377, 44.82302401], [24.29586646, 44.82303404], [24.29593279, 44.82303609], [24.29616216, 44.82304319], [24.29616209, 44.82304592], [24.29616153, 44.82305492], [24.29617401, 44.82305531], [24.29617409, 44.82305531], [24.29617416, 44.82305531], [24.29617472, 44.82304632], [24.29617464, 44.82304632], [24.29616218, 44.82304591], [24.29616227, 44.82304319], [24.29632867, 44.82304834], [24.29642461, 44.82308901], [24.29649715, 44.82311909], [24.29649722, 44.82311912], [24.29660143, 44.82316233], [24.29660803, 44.82316506], [24.29662654, 44.82314839], [24.29663515, 44.82313101], [24.29665934, 44.8227883], [24.29670782, 44.82273808], [24.29672566, 44.8227196], [24.2968405, 44.8227054], [24.29759549, 44.82281085], [24.29818177, 44.82289273], [24.29818995, 44.82261323], [24.29809794, 44.82239006], [24.29786433, 44.82198582], [24.29769914, 44.8214115], [24.29760121, 44.82121489], [24.29757584, 44.82116396], [24.29761714, 44.82073875], [24.29762472, 44.82067968], [24.29737269, 44.82043921], [24.29735035, 44.82041791], [24.29710096, 44.82038129], [24.29710089, 44.82038128], [24.29697707, 44.82036248], [24.29693048, 44.82036053], [24.29672212, 44.82041624], [24.29671973, 44.82041308], [24.29664725, 44.82044913], [24.29657045, 44.8205081], [24.29655935, 44.82045141], [24.29655932, 44.82045136], [24.29654755, 44.82040239], [24.29630321, 44.82033252], [24.29619244, 44.82030964], [24.29620632, 44.82028027], [24.29601958, 44.82024154], [24.2959882, 44.82024358], [24.29590471, 44.8202136], [24.29591279, 44.82023824], [24.2959104, 44.82034573], [24.29589888, 44.82042714], [24.29589168, 44.82045538], [24.29587042, 44.82049829], [24.29575261, 44.82066284], [24.29572698, 44.82068513], [24.29569406, 44.82070414], [24.29564786, 44.82072234], [24.29559931, 44.82073482], [24.29552312, 44.82074744], [24.29549581, 44.82075056], [24.29529266, 44.8207381], [24.29525555, 44.82073713], [24.29523258, 44.82072753], [24.29521103, 44.82070986], [24.2951761, 44.82064882], [24.29512509, 44.82055053], [24.29507238, 44.82048436], [24.2949722, 44.82039291], [24.29493674, 44.82032093], [24.29496444, 44.82029957], [24.29500152, 44.8202724], [24.29494023, 44.82027629], [24.29494016, 44.8202763], [24.29473493, 44.82028541], [24.2946873, 44.82028056], [24.29457841, 44.82026506], [24.29455683, 44.82026199]], [[24.29581555, 44.82108359], [24.29580882, 44.82108411], [24.29580167, 44.82099748], [24.29551109, 44.82099961], [24.29551462, 44.82090805], [24.2954853, 44.82090741], [24.29548405, 44.82078687], [24.29549767, 44.8207868], [24.29552873, 44.82078079], [24.29568016, 44.82074841], [24.2957477, 44.82075855], [24.29577673, 44.82070292], [24.29582747, 44.82063422], [24.29583864, 44.82063841], [24.29584454, 44.82063044], [24.29583335, 44.82062625], [24.29590933, 44.82052335], [24.29602291, 44.82054693], [24.29602066, 44.82055429], [24.29596811, 44.8207262], [24.29599644, 44.8207379], [24.29600252, 44.82078338], [24.29601849, 44.82090274], [24.29609052, 44.82105953], [24.29581555, 44.82108359]], [[24.29427829, 44.82060115], [24.29447494, 44.82061654], [24.29427829, 44.82060116], [24.294274, 44.82058394], [24.29427829, 44.82060115]]], [[[24.29157741, 44.82106786], [24.29135413, 44.82105386], [24.29134828, 44.82105353], [24.29134823, 44.82105352], [24.29092012, 44.82102877], [24.29091479, 44.82105003], [24.29091479, 44.82105005], [24.29082316, 44.82141634], [24.29079519, 44.82141919], [24.29073422, 44.82142539], [24.29073421, 44.82142544], [24.29069519, 44.82159646], [24.29073839, 44.82160028], [24.29099474, 44.82162295], [24.29127263, 44.82164929], [24.29150224, 44.82167199], [24.29182876, 44.82170163], [24.29210689, 44.82172634], [24.29200756, 44.82156358], [24.29200032, 44.82133475], [24.29197952, 44.8212831], [24.29197951, 44.82128306], [24.29195768, 44.82122888], [24.29194006, 44.82116269], [24.29191502, 44.82108468], [24.29176453, 44.8210807], [24.29166948, 44.82107652], [24.29163411, 44.82107318], [24.29162248, 44.82107209], [24.29157741, 44.82106786]]], [[[24.29214955, 44.8210398], [24.29208658, 44.82105117], [24.29202512, 44.82105845], [24.29195825, 44.82106634], [24.29198023, 44.82115266], [24.29202649, 44.82126979], [24.29203892, 44.82134499], [24.29204763, 44.82153396], [24.29206176, 44.82159156], [24.29210484, 44.8216661], [24.29212544, 44.82169896], [24.29214745, 44.82171786], [24.29217628, 44.8217255], [24.29224097, 44.82173683], [24.29231624, 44.82174435], [24.29235384, 44.8217499], [24.29237616, 44.82152734], [24.29237886, 44.82150617], [24.29236591, 44.82150534], [24.29237811, 44.8214139], [24.29235124, 44.82141275], [24.29236161, 44.82131467], [24.29236563, 44.82126772], [24.29237695, 44.82116243], [24.29237695, 44.82116237], [24.29238518, 44.82108574], [24.29232579, 44.82107416], [24.29232575, 44.82107415], [24.29214955, 44.8210398]]]]}}, {"type": "Feature", "properties": {"tarla": "53", "nr_parcele": 4, "suprafata_totala": 5182}, "geometry": {"type": "MultiPolygon", "coordinates": [[[[24.29591279, 44.82023824], [24.29590471, 44.8202136], [24.29570107, 44.82017907], [24.29561794, 44.82018149], [24.29529367, 44.82023211], [24.29521136, 44.82023684], [24.29505353, 44.82026359], [24.29500152, 44.8202724], [24.29496444, 44.82029957], [24.29493674, 44.82032093], [24.2949722, 44.82039291], [24.29507238, 44.82048436], [24.29512509, 44.82055053], [24.2951761, 44.82064882], [24.29521103, 44.82070986], [24.29523258, 44.82072753], [24.29525555, 44.82073713], [24.29529266, 44.8207381], [24.29549581, 44.82075056], [24.29552312, 44.82074744], [24.29559931, 44.82073482], [24.29564786, 44.82072234], [24.29569406, 44.82070414], [24.29572698, 44.82068513], [24.29575261, 44.82066284], [24.29587042, 44.82049829], [24.29589168, 44.82045538], [24.29589888, 44.82042714], [24.2959104, 44.82034573], [24.29591279, 44.82023824]]], [[[24.29551109, 44.82099961], [24.29580167, 44.82099748], [24.29580882, 44.82108411], [24.29581555, 44.82108359], [24.29609052, 44.82105953], [24.29601849, 44.82090274], [24.29600252, 44.82078338], [24.29599644, 44.8207379], [24.29596811, 44.8207262], [24.29602066, 44.82055429], [24.29602291, 44.82054693], [24.29590933, 44.82052335], [24.29583335, 44.82062625], [24.29584454, 44.82063044], [24.29583864, 44.82063841], [24.29582747, 44.82063422], [24.29577673, 44.82070292], [24.2957477, 44.82075855], [24.29568016, 44.82074841], [24.29552873, 44.82078079], [24.29549767, 44.8207868], [24.29548405, 44.82078687], [24.2954853, 44.82090741], [24.29551462, 44.82090805], [24.29551109, 44.82099961]]]]}}, {"type": "Feature", "properties": {"tarla": "54", "nr_parcele": 3, "suprafata_totala": 5104}, "geometry": {"type": "Polygon", "coordinates": [[[24.2944929, 44.81957285], [24.29445319, 44.81983398], [24.294444, 44.81990029], [24.29440297, 44.82017502], [24.29457139, 44.82019188], [24.29462063, 44.82020044], [24.29488855, 44.82020541], [24.29495957, 44.82020177], [24.29497813, 44.82020041], [24.2950489, 44.82019523], [24.29516643, 44.82018663], [24.29547945, 44.82014425], [24.29564913, 44.82011203], [24.29571478, 44.82009956], [24.29562835, 44.81998802], [24.29546747, 44.81985893], [24.29540959, 44.81982764], [24.29503655, 44.81962594], [24.29472264, 44.81958489], [24.29471095, 44.81958545], [24.29468812, 44.81959082], [24.2944929, 44.81957285]]]}}, {"type": "Feature", "properties": {"tarla": "55", "nr_parcele": 11, "suprafata_totala": 18864}, "geometry": {"type": "Polygon", "coordinates": [[[24.29578364, 44.81764248], [24.29568584, 44.81766077], [24.29563015, 44.81766857], [24.29558641, 44.8176759], [24.29557377, 44.8176897], [24.29550262, 44.8178025], [24.29550257, 44.81780256], [24.295485944642106, 44.817833191447136], [24.29548593, 44.81783319], [24.29544392, 44.81807609], [24.29546048, 44.81813932], [24.29546051, 44.81813936], [24.29546597, 44.81816029], [24.29554947, 44.81830382], [24.29557042, 44.81842094], [24.29558008, 44.81847277], [24.29558009, 44.81847281], [24.2955978, 44.81856791], [24.29559502, 44.81865646], [24.29553901, 44.81879922], [24.29553898, 44.81879926], [24.29551815, 44.81885237], [24.29548976, 44.81890698], [24.29537762, 44.81913396], [24.29536733, 44.81915476], [24.29536731, 44.81915481], [24.29522828, 44.81943621], [24.2952228, 44.81946024], [24.29522093, 44.81946847], [24.29520149, 44.81955394], [24.29518727, 44.81961367], [24.29533854, 44.81968217], [24.29540278, 44.81971127], [24.29541085, 44.81970186], [24.29551295, 44.81975471], [24.2955771, 44.81978791], [24.29568569, 44.81985382], [24.29567713, 44.81986452], [24.29578689, 44.81993511], [24.29595807, 44.82002556], [24.29609703, 44.82008012], [24.2965053, 44.82027988], [24.2965567, 44.82030503], [24.29678841, 44.82030625], [24.29698391, 44.8203021], [24.29726571, 44.82033139], [24.29727229, 44.82031983], [24.29728358, 44.82031916], [24.29730923, 44.82032324], [24.29733593, 44.82032751], [24.29736977, 44.82032679], [24.2973758, 44.82032314], [24.29738748, 44.82031608], [24.29741672, 44.82028036], [24.29743773, 44.82022974], [24.29743642, 44.82021088], [24.2974284, 44.82019996], [24.29738732, 44.82018557], [24.29729194, 44.82013731], [24.29723705, 44.82008586], [24.29721562, 44.82004621], [24.29720497, 44.8200012], [24.29721902, 44.81982481], [24.29722058, 44.81977783], [24.29721556, 44.81976587], [24.29720887, 44.81975942], [24.29719794, 44.81975797], [24.29717599, 44.81976082], [24.29708028, 44.81977078], [24.29691904, 44.81978498], [24.29680102, 44.81979414], [24.29676493, 44.81979522], [24.2967483, 44.81978986], [24.29673961, 44.81978225], [24.29673558, 44.81976711], [24.29673893, 44.81974732], [24.29674963, 44.81974101], [24.29677185, 44.81973542], [24.29680922, 44.81973434], [24.29684739, 44.81973126], [24.29686008, 44.81972703], [24.29686862, 44.81971811], [24.29687525, 44.81969977], [24.29687583, 44.81968206], [24.29686871, 44.81966625], [24.29685951, 44.81965524], [24.29684857, 44.81965075], [24.29681014, 44.81964568], [24.29661606, 44.81963894], [24.29644398, 44.81962999], [24.29634667, 44.81961914], [24.29629206, 44.81960225], [24.29626184, 44.81958315], [24.29624439, 44.81953615], [24.2962492, 44.81942579], [24.29623488, 44.81936354], [24.29622466, 44.81931894], [24.2961514, 44.81909911], [24.29609195, 44.81888543], [24.29602172, 44.81888794], [24.29609193, 44.81888543], [24.29607607, 44.81882838], [24.2960503, 44.81866025], [24.29604997, 44.81865805], [24.29604214, 44.81860705], [24.29602861, 44.81836298], [24.29602839, 44.8183591], [24.29602405, 44.81828093], [24.29601584, 44.81820436], [24.2960243, 44.81818246], [24.2960369, 44.8181774], [24.29605863, 44.81817479], [24.2960924, 44.81817362], [24.29612813, 44.81817041], [24.29607299, 44.81803427], [24.295980425545586, 44.817872539689354], [24.29598043, 44.81787254], [24.29591903, 44.81761901], [24.29578364, 44.81764248]]]}}, {"type": "Feature", "properties": {"tarla": "56", "nr_parcele": 7, "suprafata_totala": 10943}, "geometry": {"type": "MultiPolygon", "coordinates": [[[[24.29611954, 44.81647538], [24.29605599, 44.81648191], [24.29573733, 44.81651459], [24.2957284, 44.81651551], [24.29571033, 44.81651736], [24.29569239, 44.81651943], [24.29534984, 44.81655894], [24.29535088, 44.81656788], [24.295366748747835, 44.81670332931203], [24.29536674, 44.81670333], [24.29535087, 44.81656787], [24.29534982, 44.81655893], [24.29513501, 44.81657926], [24.29493555, 44.81660362], [24.29488368, 44.81662998], [24.29486396, 44.81666537], [24.29486607, 44.816742], [24.29486611, 44.81682445], [24.29491556, 44.81683049], [24.2953098, 44.81688562], [24.295309800393458, 44.816885628656635], [24.29491557, 44.8168305], [24.29490266, 44.81687442], [24.29483252, 44.81688497], [24.2948131, 44.81690574], [24.29480508, 44.81695183], [24.29480509, 44.81695187], [24.294783602106488, 44.81707572785804], [24.29478359, 44.81707573], [24.29478292, 44.81710218], [24.29476581, 44.81720843], [24.29508564, 44.81720317], [24.29508589, 44.81720315], [24.29531218, 44.81718904], [24.29535656, 44.81718628], [24.29578659, 44.81715948], [24.29591604, 44.81715176], [24.29631118, 44.81712771], [24.29628358, 44.8169845], [24.29621252, 44.81697746], [24.29599798, 44.81698906], [24.29598543, 44.81699002], [24.296011, 44.81692255], [24.29602151, 44.81689481], [24.29606628, 44.81677666], [24.296116415785935, 44.8166443911176], [24.29611643, 44.81664439], [24.29611954, 44.81647538]], [[24.29507470807155, 44.81704437025256], [24.2950747, 44.81704437], [24.295070842594235, 44.817024923078705], [24.29507086, 44.81702492], [24.29507470807155, 44.81704437025256]]], [[[24.2957866, 44.81715949], [24.29535657, 44.81718629], [24.29531219, 44.81718905], [24.29508591, 44.81720316], [24.29508565, 44.81720318], [24.29476582, 44.81720844], [24.29475089, 44.81725784], [24.29475088, 44.81725788], [24.29472275, 44.81735088], [24.29470865, 44.81750991], [24.29470669, 44.81753194], [24.29471555, 44.8175427], [24.2947452, 44.81757875], [24.29474524, 44.81757879], [24.29475695, 44.81759303], [24.29482412, 44.81761542], [24.29501644, 44.81762867], [24.29511281, 44.81765333], [24.29519644, 44.81765461], [24.29531253, 44.81764624], [24.29561373, 44.81754966], [24.29559308, 44.81732504], [24.29593533, 44.81731559], [24.29591606, 44.81715177], [24.2957866, 44.81715949]]]]}}, {"type": "Feature", "properties": {"tarla": "57", "nr_parcele": 52, "suprafata_totala": 85418}, "geometry": {"type": "Polygon", "coordinates": [[[24.29393763, 44.81469362], [24.29392005, 44.81469385], [24.29392001, 44.81469385], [24.29382179, 44.81469762], [24.29375275, 44.8146961], [24.29374533, 44.81480408], [24.29373792, 44.81491205], [24.29372737, 44.81504832], [24.29370513, 44.81520284], [24.29367727, 44.81540292], [24.29366092, 44.81551857], [24.29363355, 44.81572069], [24.29363291, 44.81572558], [24.29362819, 44.81576148], [24.29362807, 44.81576235], [24.29361364, 44.81586019], [24.29360005, 44.81593514], [24.2935793, 44.81608608], [24.29357621, 44.81610846], [24.29357578, 44.81611218], [24.29357281, 44.81613794], [24.29356092, 44.81622267], [24.29356019, 44.81622748], [24.29353546, 44.81638878], [24.2935127, 44.81657069], [24.29349994, 44.81664171], [24.2934949, 44.81667795], [24.29347672, 44.81678769], [24.29346537, 44.81689608], [24.29346004, 44.81693306], [24.29341999, 44.81714826], [24.29338094, 44.8173368], [24.2933757, 44.81736113], [24.2933577, 44.81745309], [24.29334457, 44.81752007], [24.29331383, 44.81767694], [24.29329913, 44.81774697], [24.29327557, 44.81785938], [24.29324278, 44.81796533], [24.29320877, 44.81812495], [24.29319473, 44.81820765], [24.29318682, 44.81825427], [24.29316288, 44.81839512], [24.29314216, 44.81851368], [24.29311968, 44.81864236], [24.29311833, 44.81865009], [24.29311272, 44.81868741], [24.29310551, 44.81874044], [24.29309075, 44.8187405], [24.29304623, 44.81896031], [24.29304487, 44.81896702], [24.29299966, 44.8191896], [24.29321813, 44.81922962], [24.29320399, 44.81924535], [24.29329295, 44.81929713], [24.29344109, 44.81934258], [24.2935892, 44.81938803], [24.29364835, 44.81939669], [24.29370272, 44.81940465], [24.29375729, 44.81941264], [24.29376878, 44.81941431], [24.29400366, 44.81944869], [24.29406899, 44.8194637], [24.294279, 44.81947927], [24.29458888, 44.81949652], [24.2949022, 44.81945512], [24.29499259, 44.81944401], [24.29512511, 44.81942237], [24.29519951, 44.819304], [24.29522775, 44.81922677], [24.29523876, 44.81918124], [24.29523641, 44.81913812], [24.29529813, 44.81910442], [24.2953106, 44.81907923], [24.29531448, 44.81907136], [24.29534943, 44.81900072], [24.29538163, 44.81894804], [24.29542844, 44.81888758], [24.29549032, 44.81877321], [24.29551023, 44.8187263], [24.29551399, 44.81866497], [24.29552367, 44.81858269], [24.29551718, 44.81848978], [24.29546539, 44.81833055], [24.29543885, 44.81828223], [24.29540027, 44.818211], [24.29534902, 44.81810561], [24.29533821, 44.81810437], [24.29533779, 44.81807265], [24.2953377, 44.81806432], [24.29533765, 44.81806088], [24.29533457, 44.81796642], [24.29531421, 44.81791631], [24.29530178, 44.81789323], [24.29527654, 44.81784039], [24.2952387, 44.81776497], [24.29521561, 44.81773337], [24.29518408, 44.81770515], [24.2951578, 44.81769585], [24.29506576, 44.81767934], [24.2949693, 44.81767077], [24.29490488, 44.81766734], [24.29484153, 44.81766173], [24.29472284, 44.81764659], [24.29472004, 44.81763799], [24.29466078, 44.81761234], [24.29465904, 44.81761305], [24.29462973, 44.8175633], [24.29462947, 44.81754304], [24.2946283, 44.81745212], [24.29464215, 44.81734274], [24.29464747, 44.81732254], [24.29468734, 44.81717117], [24.2946981, 44.81713029], [24.29471448, 44.81695589], [24.29471582, 44.81695409], [24.29472857, 44.81693718], [24.29474509, 44.81688222], [24.29474422, 44.81681957], [24.29477116, 44.81661048], [24.29477116, 44.81661043], [24.29477175, 44.81660582], [24.29476837, 44.81657364], [24.29486705, 44.81656536], [24.29488866, 44.81656355], [24.29499001, 44.8165542], [24.29540028, 44.81651701], [24.29561807, 44.81649726], [24.29563594, 44.8164905], [24.29564624, 44.81648659], [24.29566394, 44.8164653], [24.29573947, 44.81629688], [24.29574, 44.81627599], [24.29577237, 44.81618607], [24.29579282, 44.81610282], [24.29576677, 44.81588919], [24.29579208, 44.81585572], [24.29581882, 44.81582036], [24.29574016, 44.81547435], [24.29571556, 44.81536619], [24.29566544, 44.81514577], [24.29555665, 44.8146673], [24.29543183, 44.81468208], [24.29534209, 44.81467304], [24.29524396, 44.81464239], [24.2951463, 44.81457321], [24.29513541, 44.81455689], [24.2951154, 44.81452683], [24.29511567, 44.8145043], [24.29508806, 44.81446219], [24.29504965, 44.81443848], [24.29502571, 44.81441468], [24.29523139, 44.81436697], [24.29514008, 44.81423949], [24.29501003, 44.8142669], [24.29462416, 44.81434821], [24.2946066, 44.81421831], [24.29448354, 44.81415934], [24.29435291, 44.81409673], [24.29441488, 44.81401099], [24.29451549, 44.8139615], [24.29476103, 44.81387698], [24.29453798, 44.81383164], [24.29450122, 44.81382417], [24.29448123, 44.8138637], [24.29442085, 44.81385953], [24.29431563, 44.81397273], [24.29430551, 44.81398694], [24.29425803, 44.81409188], [24.29419652, 44.81420078], [24.29417296, 44.81422764], [24.29415134, 44.81426068], [24.29412032, 44.8143081], [24.29398388, 44.81448055], [24.29376839, 44.8146007], [24.29376043, 44.81464649], [24.29386201, 44.81460292], [24.2939702, 44.81453965], [24.29400474, 44.81456891], [24.29400465, 44.81456907], [24.29397998, 44.8146062], [24.29397321, 44.81462526], [24.29396633, 44.81464984], [24.29395096, 44.81469049], [24.29393763, 44.81469362]]]}}, {"type": "Feature", "properties": {"tarla": "58", "nr_parcele": 91, "suprafata_totala": 99851}, "geometry": {"type": "Polygon", "coordinates": [[[24.29111333, 44.81438854], [24.29105441, 44.81438513], [24.2909556, 44.81437943], [24.29093082, 44.81469514], [24.29091276, 44.81492515], [24.29091062, 44.81495233], [24.29090676, 44.8150016], [24.29090647, 44.81503131], [24.29090167, 44.8151573], [24.29089557, 44.81521745], [24.29088687, 44.81532313], [24.29087791, 44.81536961], [24.29087761, 44.81537838], [24.29087624, 44.81541808], [24.29087394, 44.81548493], [24.29087338, 44.81551184], [24.2908723, 44.81556247], [24.29087226, 44.81556437], [24.29087112, 44.81562644], [24.29087072, 44.815648], [24.29086975, 44.81569991], [24.29086898, 44.81574208], [24.29086889, 44.81574689], [24.29086803, 44.81579458], [24.29086723, 44.81583708], [24.29086711, 44.81584439], [24.29086657, 44.81585966], [24.2908657, 44.81588462], [24.2908649, 44.81590723], [24.2908641, 44.81592987], [24.29086251, 44.81597529], [24.29086101, 44.81601756], [24.29085972, 44.81606316], [24.29085962, 44.8160667], [24.29085849, 44.81610656], [24.2908583, 44.81611272], [24.29085708, 44.81615592], [24.29085699, 44.81615893], [24.29085588, 44.81619764], [24.29085232, 44.81632264], [24.29085188, 44.81633817], [24.29085121, 44.81636147], [24.29084757, 44.81647311], [24.29084604, 44.81653615], [24.29084293, 44.8166632], [24.29084117, 44.81673517], [24.29083943, 44.81678952], [24.29083857, 44.81681666], [24.29083768, 44.81684426], [24.29083562, 44.81690821], [24.29083445, 44.81694489], [24.29083368, 44.81696884], [24.29083248, 44.8170062], [24.29083111, 44.81703662], [24.29083026, 44.81705526], [24.29081975, 44.81728666], [24.29081861, 44.81731173], [24.29081642, 44.81736721], [24.29080953, 44.81754188], [24.2908047, 44.81765189], [24.29079231, 44.81780538], [24.29078797, 44.81785908], [24.29078186, 44.81793473], [24.29078039, 44.81795308], [24.29078387, 44.81798786], [24.29078565, 44.81800563], [24.29078909, 44.81803997], [24.29079021, 44.81805104], [24.29079124, 44.81806126], [24.29079036, 44.81807425], [24.29078575, 44.8181423], [24.29078194, 44.81820037], [24.29078051, 44.81822278], [24.29077466, 44.81831419], [24.29076623, 44.8184426], [24.29076344, 44.81848508], [24.29076066, 44.81852737], [24.29075719, 44.81859735], [24.29075358, 44.81867029], [24.29075348, 44.81871661], [24.29075339, 44.81876947], [24.29075332, 44.8188047], [24.29075205, 44.81882201], [24.29074879, 44.81886689], [24.29074615, 44.8189031], [24.29074055, 44.81898011], [24.29073885, 44.81901269], [24.29073725, 44.8190437], [24.29073408, 44.81910358], [24.29073194, 44.81912448], [24.29072381, 44.81920372], [24.2907231, 44.8192107], [24.29072766, 44.81924039], [24.29073115, 44.81926097], [24.29074297, 44.81927951], [24.29081072, 44.81928607], [24.2920125, 44.81934043], [24.29225652, 44.81930105], [24.29243778, 44.81924494], [24.29258774, 44.81925672], [24.29273013, 44.81926107], [24.29274259, 44.81919367], [24.29280935, 44.81890632], [24.29284389, 44.81870576], [24.29284776, 44.81870563], [24.29286381, 44.81861791], [24.29289605, 44.818442], [24.29291759, 44.81835532], [24.2929396, 44.81824019], [24.29294962, 44.81817601], [24.29297413, 44.81805959], [24.29299796, 44.81796172], [24.29299891, 44.81795779], [24.29302011, 44.81785258], [24.29303107, 44.81780264], [24.29306115, 44.81766553], [24.29305384, 44.81766449], [24.29309757, 44.81747124], [24.29310148, 44.81745393], [24.29311331, 44.81745459], [24.2931421, 44.81727306], [24.29316397, 44.81715621], [24.29320793, 44.81690527], [24.29324831, 44.81666536], [24.29326497, 44.81654647], [24.29328489, 44.81640162], [24.29328828, 44.81640169], [24.29330383, 44.8163197], [24.29332129, 44.81624148], [24.29334134, 44.8160846], [24.29334215, 44.81607826], [24.293358, 44.81591512], [24.29337655, 44.81578308], [24.29339812, 44.81565461], [24.29339903, 44.81565033], [24.2934139, 44.81558094], [24.29342877, 44.81551154], [24.29343466, 44.81548766], [24.2934458, 44.81544357], [24.29344483, 44.81531281], [24.29345064, 44.81524553], [24.29346332, 44.81517791], [24.29346397, 44.81516772], [24.29347317, 44.81508977], [24.29348096, 44.81502784], [24.29348981, 44.81495752], [24.29349462, 44.81491932], [24.29350172, 44.81486288], [24.29350299, 44.81485275], [24.29353777, 44.81465117], [24.29324752, 44.81456397], [24.29302339, 44.81451843], [24.29302334, 44.81451841], [24.29292535, 44.81449313], [24.29282896, 44.81448757], [24.29263359, 44.81447629], [24.29263352, 44.81447629], [24.29210309, 44.81444567], [24.292103, 44.81444566], [24.29161605, 44.81441755], [24.291616, 44.81441756], [24.29112501, 44.81438921], [24.29111333, 44.81438854]]]}}, {"type": "Feature", "properties": {"tarla": "59", "nr_parcele": 12, "suprafata_totala": 21670}, "geometry": {"type": "Polygon", "coordinates": [[[24.29101593, 44.81367011], [24.29100467, 44.81377059], [24.2909936, 44.81390314], [24.29098212, 44.81404178], [24.29097723, 44.81410398], [24.2909717, 44.81417443], [24.2909635, 44.81427891], [24.29095917, 44.81433387], [24.29283159, 44.81444195], [24.29290123, 44.81444598], [24.29293106, 44.81443982], [24.29323401, 44.81450759], [24.29353945, 44.814604], [24.29354308, 44.81457109], [24.29354349, 44.81456733], [24.29354785, 44.81452536], [24.29355278, 44.81447774], [24.29356381, 44.81435133], [24.29358843, 44.81412353], [24.29359913, 44.8140163], [24.29359915, 44.81401621], [24.29360167, 44.8139908], [24.2936031, 44.81397642], [24.2936105, 44.81390235], [24.29365079, 44.81361295], [24.29366889, 44.81348292], [24.29367272, 44.81343089], [24.29208665, 44.81348714], [24.29102209, 44.81353089], [24.29101593, 44.81367011]]]}}, {"type": "Feature", "properties": {"tarla": "60", "nr_parcele": 4, "suprafata_totala": 3036}, "geometry": {"type": "Polygon", "coordinates": [[[24.29450122, 44.81382417], [24.29429862, 44.81373122], [24.29420388, 44.81369305], [24.29395424, 44.81359793], [24.29390393, 44.81357831], [24.29387612, 44.81380823], [24.29387615, 44.81381089], [24.29387625, 44.8138186], [24.29387281, 44.81384675], [24.29384232, 44.81406668], [24.29382267, 44.8142337], [24.29381367, 44.81431014], [24.29379213, 44.81446411], [24.29376839, 44.8146007], [24.29398388, 44.81448055], [24.29412032, 44.8143081], [24.29415134, 44.81426068], [24.29417296, 44.81422764], [24.29419652, 44.81420078], [24.29425803, 44.81409188], [24.29430551, 44.81398694], [24.29431563, 44.81397273], [24.29442085, 44.81385953], [24.29448123, 44.8138637], [24.29450122, 44.81382417]]]}}, {"type": "Feature", "properties": {"tarla": "69", "nr_parcele": 17, "suprafata_totala": 29267}, "geometry": {"type": "MultiPolygon", "coordinates": [[[[24.29275786, 44.78013189], [24.29275148, 44.78020521], [24.29270036, 44.78083354], [24.2926813, 44.78130457], [24.29268129, 44.78130462], [24.29267962, 44.78134611], [24.29260304, 44.78136421], [24.29259555, 44.78154941], [24.29260591, 44.78172123], [24.29261802, 44.78192185], [24.29262074, 44.78196702], [24.29262077, 44.78196728], [24.2926206, 44.78201627], [24.29261972, 44.78229204], [24.29261618, 44.78233051], [24.29260218, 44.78248205], [24.29262149, 44.78253201], [24.29267414, 44.78266839], [24.29268145, 44.78268732], [24.29269157, 44.78271349], [24.29278401, 44.78281526], [24.29363467, 44.78244573], [24.29377667, 44.7826276], [24.29381236, 44.78265519], [24.29390513, 44.78261886], [24.29407825, 44.78255106], [24.29420288, 44.78250224], [24.29413375, 44.78185904], [24.29405717, 44.78149383], [24.29375871, 44.78049884], [24.29359892, 44.78019753], [24.29350779, 44.78008968], [24.2934513, 44.7800792], [24.29341707, 44.78007401], [24.2932678, 44.78005143], [24.29310145, 44.78005677], [24.29280519, 44.78006627], [24.29275786, 44.78013189]]], [[[24.29322038, 44.78300506], [24.29321816, 44.7829962], [24.29320589, 44.78299777], [24.29320688, 44.78300207], [24.29320795, 44.78300665], [24.29322038, 44.78300506]]]]}}, {"type": "Feature", "properties": {"tarla": "70", "nr_parcele": 182, "suprafata_totala": 389912}, "geometry": {"type": "MultiPolygon", "coordinates": [[[[24.29339164, 44.774852], [24.29330161, 44.77490735], [24.2929909, 44.77513146], [24.29295408, 44.77515801], [24.2928259, 44.77523825], [24.29271519, 44.77528716], [24.29244867, 44.77540489], [24.29242586, 44.77542387], [24.29229367, 44.77553397], [24.29242503, 44.77556907], [24.29271312, 44.77564606], [24.29272387, 44.77564894], [24.29298801, 44.77563355], [24.29338727, 44.77561029], [24.29345534, 44.77560633], [24.29351861, 44.77560871], [24.29363791, 44.77561319], [24.29376172, 44.77561785], [24.2938983, 44.77562298], [24.29404569, 44.77562853], [24.29419492, 44.77563414], [24.29428828, 44.77563765], [24.29439097, 44.77564152], [24.29454045, 44.77564714], [24.29466995, 44.77565199], [24.29490401, 44.7756608], [24.29499683, 44.77566428], [24.29515573, 44.77567026], [24.29525558, 44.77567111], [24.2954408, 44.77567268], [24.29561723, 44.77567418], [24.29590413, 44.77567661], [24.29614527, 44.77567865], [24.29663139, 44.77568277], [24.29672151, 44.77568354], [24.29684212, 44.77568456], [24.29694938, 44.77568547], [24.29705705, 44.77568638], [24.29720722, 44.77568765], [24.29735817, 44.77568894], [24.29746181, 44.77568981], [24.29768155, 44.77569166], [24.29771073, 44.77572792], [24.29734272, 44.7757248], [24.29704542, 44.77572228], [24.29689712, 44.77572103], [24.2967507, 44.77571978], [24.29660491, 44.77571855], [24.29645983, 44.77571733], [24.29611323, 44.77571439], [24.2958249, 44.77571194], [24.29568892, 44.77571079], [24.29559481, 44.77571], [24.29546591, 44.7757089], [24.29544049, 44.77570868], [24.29532331, 44.77570769], [24.29515411, 44.77570626], [24.29510858, 44.77570454], [24.29500567, 44.77570067], [24.29485097, 44.77569485], [24.29467051, 44.77568807], [24.29456275, 44.77568402], [24.29452281, 44.77568252], [24.29448336, 44.77568103], [24.29444658, 44.77567965], [24.29425288, 44.77567238], [24.29406945, 44.77566548], [24.29388251, 44.77565845], [24.29379263, 44.77565507], [24.29372362, 44.77565247], [24.29345596, 44.77564241], [24.29340095, 44.77564561], [24.29320515, 44.77565702], [24.29307236, 44.77566475], [24.29300269, 44.77566882], [24.29292416, 44.77567338], [24.29281611, 44.77567968], [24.29271671, 44.77568547], [24.2927075, 44.77568301], [24.29251184, 44.77563071], [24.29235288, 44.77558825], [24.29226582, 44.77556498], [24.29226055, 44.77556358], [24.29221857, 44.77560277], [24.29206331, 44.77574769], [24.29205768, 44.77575293], [24.29196307, 44.77580029], [24.29189445, 44.77583464], [24.29187576, 44.775844], [24.29179633, 44.77589745], [24.29175704, 44.7759239], [24.29154616, 44.77619801], [24.2914388, 44.77633754], [24.29133654, 44.77651777], [24.29124624, 44.77711108], [24.2910296, 44.77746541], [24.29099081, 44.77752885], [24.29092662, 44.77774048], [24.29092146, 44.77801503], [24.29098783, 44.77835587], [24.29100346, 44.77855849], [24.29102365, 44.77859508], [24.29107479, 44.77868775], [24.29117634, 44.77881027], [24.29125408, 44.77887798], [24.29135681, 44.77896748], [24.29142962, 44.7790309], [24.29157237, 44.77915527], [24.29178655, 44.77934183], [24.29190904, 44.77944852], [24.29202756, 44.77952152], [24.29214358, 44.77959296], [24.29236689, 44.77973047], [24.29239638, 44.77974864], [24.29247215, 44.7797953], [24.29263697, 44.77994047], [24.29269961, 44.77999563], [24.29271978, 44.78000595], [24.29284254, 44.78000201], [24.29327512, 44.77998814], [24.29345642, 44.78001557], [24.29346551, 44.78001694], [24.29353789, 44.7800228], [24.29361083, 44.78002869], [24.29367081, 44.78003354], [24.29367878, 44.78003419], [24.293756, 44.78000633], [24.29380925, 44.77998713], [24.29387436, 44.77994185], [24.29409432, 44.77978898], [24.29414266, 44.7797343], [24.29442986, 44.77940936], [24.29460999, 44.77920556], [24.29464488, 44.77916608], [24.2946823, 44.77912376], [24.2947202, 44.77908089], [24.29478756, 44.77900466], [24.29482213, 44.77895928], [24.29499194, 44.7787364], [24.29513752, 44.77854531], [24.29517657, 44.77849407], [24.29523485, 44.7784282], [24.29543874, 44.77819775], [24.29555006, 44.77807192], [24.29557421, 44.77804463], [24.29557558, 44.77804309], [24.29569766, 44.77792837], [24.29578795, 44.77784665], [24.29591982, 44.77775926], [24.29594709, 44.77774119], [24.29615226, 44.7776984], [24.29620509, 44.77769494], [24.29636141, 44.77768473], [24.29655075, 44.77767777], [24.29669552, 44.77767246], [24.29684103, 44.77766711], [24.29698713, 44.77766175], [24.29713232, 44.77765641], [24.29742471, 44.77764566], [24.29742625, 44.77768165], [24.29655419, 44.7777137], [24.29642487, 44.77771845], [24.29637188, 44.7777204], [24.29636503, 44.77772065], [24.2962634, 44.77772729], [24.29616176, 44.77773393], [24.29606098, 44.77775494], [24.29597275, 44.77777335], [24.29582525, 44.77787111], [24.29561717, 44.77806359], [24.29528272, 44.77844163], [24.2952202, 44.77851227], [24.29487776, 44.77896176], [24.2948312, 44.77902285], [24.29436791, 44.77954702], [24.29425619, 44.77967341], [24.29422034, 44.77971396], [24.29413391, 44.77981176], [24.29410107, 44.77983458], [24.29397725, 44.77992065], [24.29384469, 44.78001278], [24.29383899, 44.78001674], [24.29377317, 44.78004048], [24.29368811, 44.78007117], [24.29363606, 44.78006696], [24.29371268, 44.78015765], [24.29388029, 44.7804734], [24.29408062, 44.7811418], [24.29424068, 44.78167479], [24.29432389, 44.78244903], [24.29440744, 44.78240686], [24.29448286, 44.78236858], [24.2946386, 44.78228951], [24.29478503, 44.78221518], [24.29494105, 44.78213597], [24.29510795, 44.78205124], [24.29524406, 44.78198214], [24.29536016, 44.7819232], [24.2955026, 44.78185088], [24.29584263, 44.78167826], [24.2962502, 44.78147135], [24.29656274, 44.78131267], [24.29656851, 44.78130808], [24.29698947, 44.78097306], [24.29713369, 44.78086027], [24.29747818, 44.78062217], [24.29768852, 44.78060139], [24.2977644, 44.78060378], [24.29816968, 44.78066288], [24.29853548, 44.78071688], [24.29884441, 44.7806794], [24.29876682, 44.78066947], [24.29874812, 44.78065793], [24.29873766, 44.78063491], [24.29873791, 44.7806044], [24.29875707, 44.78055682], [24.29880057, 44.78049211], [24.29889235, 44.78041627], [24.29903505, 44.78033112], [24.29922595, 44.78025202], [24.29925309, 44.78021394], [24.29924454, 44.78016798], [24.29923058, 44.78003829], [24.29923432, 44.77984635], [24.29923571, 44.77977489], [24.29913846, 44.77958358], [24.29910667, 44.77954909], [24.29905386, 44.7794648], [24.29903832, 44.77940368], [24.29904476, 44.77928914], [24.29911185, 44.77910541], [24.29916022, 44.77897297], [24.29917698, 44.77889288], [24.29917786, 44.77880136], [24.29914687, 44.77867903], [24.29913469, 44.77854918], [24.29910833, 44.77850321], [24.29908977, 44.77849166], [24.29901456, 44.77850469], [24.29895009, 44.77852724], [24.29891794, 44.77853091], [24.2988698, 44.77852107], [24.29885924, 44.77850571], [24.2988553, 44.77835304], [24.29888348, 44.77820813], [24.29888407, 44.77813947], [24.29890701, 44.77797923], [24.29890797, 44.77795218], [24.29891432, 44.77777317], [24.29890937, 44.77773498], [24.29891764, 44.77769876], [24.29890975, 44.77769304], [24.29892176, 44.77754804], [24.29890861, 44.77751744], [24.2988634, 44.77748476], [24.29880984, 44.77748254], [24.29876702, 44.77749191], [24.29869193, 44.77749531], [24.29864657, 44.7774836], [24.29862535, 44.7774625], [24.29863116, 44.77741106], [24.29866976, 44.77729285], [24.2987871, 44.77705877], [24.29884415, 44.77697128], [24.29892, 44.77687626], [24.29897169, 44.77677146], [24.2989378, 44.77665318], [24.29892516, 44.77660908], [24.29892053, 44.77653273], [24.29886156, 44.77624994], [24.29887891, 44.77611262], [24.298881, 44.77610686], [24.29891187, 44.7760212], [24.29894994, 44.77595655], [24.2989648, 44.77590345], [24.29872898, 44.77581991], [24.29853669, 44.77576543], [24.29844864, 44.77573258], [24.29835271, 44.77568428], [24.29824856, 44.77564556], [24.29777586, 44.7755114], [24.29771737, 44.7754691], [24.29765933, 44.77536955], [24.29760889, 44.77531974], [24.29757417, 44.77531764], [24.29752274, 44.77536888], [24.29750958, 44.77536953], [24.29748799, 44.77537056], [24.29746662, 44.77536098], [24.29744286, 44.77533032], [24.29744178, 44.77529421], [24.2974408, 44.77526155], [24.29739855, 44.77519261], [24.29738818, 44.77516204], [24.29738897, 44.77507807], [24.29742183, 44.77499431], [24.29748735, 44.77486484], [24.29759041, 44.77472418], [24.29766148, 44.77456424], [24.29770206, 44.77452247], [24.2973649, 44.77450663], [24.29721398, 44.77449953], [24.29706383, 44.77449248], [24.29695621, 44.77448742], [24.29684896, 44.77448237], [24.2967284, 44.77447671], [24.2966383, 44.77447248], [24.29615229, 44.77444963], [24.29591122, 44.7744383], [24.29562437, 44.77442482], [24.295448, 44.77441652], [24.29526282, 44.77440781], [24.29500411, 44.77439565], [24.2949113, 44.77439129], [24.29467724, 44.77438028], [24.29454776, 44.77437419], [24.2943983, 44.77436716], [24.29429561, 44.77436234], [24.29420226, 44.77435795], [24.29406864, 44.77435167], [24.29405298, 44.77436209], [24.29390501, 44.77446053], [24.29384366, 44.77450132], [24.29375788, 44.77458496], [24.29371176, 44.77462994], [24.29364318, 44.77469681], [24.29364173, 44.77469822], [24.29352345, 44.77477095], [24.29339164, 44.774852]], [[24.29426234, 44.77968819], [24.29428734, 44.77974827], [24.2943113, 44.77980589], [24.29433153, 44.77985451], [24.29434450708609, 44.77988571380248], [24.29431894, 44.77982428], [24.29430057, 44.7797801], [24.29427937, 44.77972913], [24.29425794, 44.77967763], [24.29425619, 44.77967341], [24.29426234, 44.77968819]], [[24.2943984, 44.7800153], [24.29436037, 44.77992386], [24.294347647439054, 44.77989326487772], [24.29435934, 44.77992138], [24.29437548, 44.77996018], [24.294405681131398, 44.78003280333271], [24.2943984, 44.7800153]]], [[[24.29338077, 44.7828826], [24.29338671, 44.78287868], [24.29339532, 44.78287644], [24.29377667, 44.7826276], [24.29363467, 44.78244573], [24.29278401, 44.78281526], [24.29301871, 44.78310111], [24.29308187, 44.78307691], [24.29308464, 44.78305462], [24.29313377, 44.78305455], [24.29320688, 44.78300207], [24.29320589, 44.78299777], [24.2933278, 44.78291748], [24.29338077, 44.7828826]]]]}}, {"type": "Feature", "properties": {"tarla": "71", "nr_parcele": 35, "suprafata_totala": 163536}, "geometry": {"type": "Polygon", "coordinates": [[[24.2866521, 44.76904796], [24.28666033, 44.76900562], [24.28663578, 44.76900988], [24.28659829, 44.76901189], [24.28656081, 44.7690139], [24.28642176, 44.76902958], [24.28615397, 44.76904554], [24.28597213, 44.76906895], [24.28581684, 44.76907958], [24.28552769, 44.76909692], [24.28540999, 44.76911256], [24.28539931, 44.7691088], [24.28531354, 44.76911663], [24.28520645, 44.76911316], [24.2851622, 44.76911518], [24.28536939, 44.76935568], [24.28633906, 44.76978859], [24.28659216, 44.76990158], [24.28677859, 44.77029864], [24.2873668, 44.77032289], [24.2879259, 44.77019388], [24.28818016, 44.77016851], [24.28861752, 44.77020173], [24.28887657, 44.77026866], [24.2895563, 44.77064081], [24.28975795, 44.77075122], [24.28982512, 44.77081301], [24.28988624, 44.77086924], [24.29000248, 44.77097619], [24.29022763, 44.77118331], [24.29037124, 44.77131543], [24.29052071, 44.77145292], [24.29064997, 44.77157183], [24.2907883, 44.77169909], [24.29087392, 44.77177786], [24.29279669, 44.7718981], [24.29328126, 44.7719054], [24.2935836, 44.77192715], [24.29379624, 44.77196934], [24.29429026, 44.77217397], [24.2944023, 44.77222037], [24.29445604, 44.77224262], [24.29447758, 44.77226622], [24.2945184, 44.77231093], [24.29454915, 44.77234461], [24.29459054, 44.77238995], [24.29461731, 44.77241927], [24.29462422, 44.77243529], [24.29467053, 44.77254288], [24.29471438, 44.77264471], [24.29474553, 44.77271017], [24.29475922, 44.77275287], [24.29479801, 44.77285219], [24.29483677, 44.77295142], [24.29487647, 44.7730531], [24.2949541, 44.77325347], [24.2949645, 44.7732803], [24.29497488, 44.77330712], [24.29498782, 44.77334049], [24.29499224, 44.77336059], [24.29501343, 44.77345714], [24.29503728, 44.77356581], [24.29501445, 44.77363986], [24.29498561, 44.77373343], [24.29484343, 44.77381677], [24.29457933, 44.7739716], [24.29456236, 44.77398505], [24.29449168, 44.77404105], [24.29446947, 44.77405864], [24.29441135, 44.77409577], [24.29432753, 44.77414931], [24.29425056, 44.77419849], [24.2941123, 44.77431764], [24.29775104, 44.77448869], [24.29784759, 44.77442212], [24.29792867, 44.77435188], [24.29795303, 44.77431512], [24.29796395, 44.77429864], [24.29797895, 44.77425891], [24.29800062, 44.77420152], [24.29800783, 44.77418245], [24.29802654, 44.77414347], [24.29802973, 44.77413678], [24.29804599, 44.77411969], [24.29805988, 44.77405866], [24.29805412, 44.77396359], [24.29805294, 44.77394414], [24.29802472, 44.77381418], [24.29801024, 44.77377685], [24.29799496, 44.77373741], [24.29794287, 44.77359111], [24.29790828, 44.77349393], [24.29789161, 44.77344714], [24.29788873, 44.77344036], [24.29787734, 44.77341349], [24.29786593, 44.77338662], [24.29778072, 44.77318593], [24.29773748, 44.77308408], [24.29769529, 44.77298473], [24.29766099, 44.77290391], [24.2976542, 44.7728853], [24.29761489, 44.77277755], [24.29757784, 44.77267603], [24.29753871, 44.77256877], [24.29752247, 44.77252424], [24.29750634, 44.77248006], [24.29749913, 44.77246027], [24.29749354, 44.77244719], [24.29747482, 44.7724035], [24.29745629, 44.77236025], [24.29744669, 44.77233782], [24.29743135, 44.77231783], [24.29739383, 44.7722689], [24.29734079, 44.7722152], [24.29723666, 44.77207731], [24.29715554, 44.77196989], [24.29714831, 44.77195938], [24.29709223, 44.77187796], [24.29706324, 44.77182531], [24.29703426, 44.77177266], [24.29701046, 44.77174587], [24.29698908, 44.77173809], [24.29696866, 44.77169318], [24.29690947, 44.77156306], [24.29679364, 44.77130841], [24.29674419, 44.77119972], [24.29671974, 44.771146], [24.29664682, 44.77098568], [24.29637199, 44.77038146], [24.29229074, 44.77013344], [24.29124822, 44.77007006], [24.2866793, 44.76980756], [24.28665835, 44.76952131], [24.28666062, 44.76946022], [24.28664139, 44.76939151], [24.28662118, 44.76920842], [24.2866521, 44.76904796]]]}}, {"type": "Feature", "properties": {"tarla": "72", "nr_parcele": 92, "suprafata_totala": 354378}, "geometry": {"type": "MultiPolygon", "coordinates": [[[[24.28301226, 44.7695662], [24.28294915, 44.76960151], [24.2828179, 44.7697107], [24.2827469, 44.76976976], [24.28266203, 44.76989925], [24.2826363, 44.76999442], [24.28255435, 44.77051483], [24.28252935, 44.7706736], [24.28251768, 44.77074771], [24.28250361, 44.7708371], [24.28248636, 44.77094661], [24.28245586, 44.77107685], [24.282426, 44.77120435], [24.28241128, 44.77126723], [24.28240622, 44.77127979], [24.28238822, 44.77132441], [24.28237407, 44.77135947], [24.28233684, 44.77145171], [24.2846139, 44.77144513], [24.28667035, 44.77141071], [24.28667872, 44.77141058], [24.28664257, 44.77139785], [24.2865717, 44.77136501], [24.28637756, 44.77127505], [24.2862763, 44.77122813], [24.28611859, 44.77115504], [24.28596969, 44.77108604], [24.28589173, 44.77101297], [24.28582155, 44.77094721], [24.28569566, 44.77081048], [24.28563381, 44.77074331], [24.28556858, 44.77067247], [24.28542159, 44.77051281], [24.28520015, 44.77027232], [24.28473582, 44.76970012], [24.28428853, 44.76914892], [24.28418907, 44.76915037], [24.28398829, 44.76916524], [24.28383811, 44.76933765], [24.28368337, 44.769429], [24.28301226, 44.7695662]]], [[[24.28212267, 44.77183204], [24.28209842, 44.7718751], [24.28207376, 44.77191891], [24.2820678, 44.7719655], [24.28206297, 44.77200326], [24.28205913, 44.77203337], [24.28205648, 44.77205407], [24.2820608, 44.77206337], [24.28207585, 44.77209577], [24.28210902, 44.7721672], [24.28213205, 44.77219582], [24.282214, 44.77229771], [24.28229614, 44.77239982], [24.28234121, 44.77245583], [24.28236622, 44.7724964], [24.28242553, 44.77259263], [24.28248476, 44.77268868], [24.28260452, 44.7728829], [24.28262043, 44.77290841], [24.2826359, 44.77293321], [24.2826667, 44.77298287], [24.28272256, 44.77307445], [24.28278276, 44.77317211], [24.28280108, 44.77326337], [24.29089548, 44.77335052], [24.29085854, 44.773255], [24.29078644, 44.77316131], [24.29066985, 44.77305463], [24.29061857, 44.77300521], [24.29058205, 44.77298024], [24.29054642, 44.77295586], [24.29025971, 44.77275273], [24.29011507, 44.77265026], [24.28988976, 44.7725459], [24.28972669, 44.77244064], [24.28958815, 44.7723408], [24.2894673, 44.77223944], [24.28938847, 44.77213959], [24.28936316, 44.77211185], [24.28933562, 44.77208168], [24.28930795, 44.77205137], [24.28924362, 44.77200927], [24.28703015, 44.77199582], [24.2870046, 44.7719625], [24.28697332, 44.77192169], [24.28694333, 44.77188258], [24.28691895, 44.77182671], [24.28691904, 44.77160401], [24.28225173, 44.77160285], [24.28212267, 44.77183204]]], [[[24.28303886, 44.77466954], [24.28305137, 44.77472555], [24.28304846, 44.77479927], [24.28303491, 44.77506024], [24.2832046, 44.77549726], [24.28329578, 44.77599872], [24.28334613, 44.77635898], [24.28334501, 44.77640684], [24.28334392, 44.77645354], [24.283292, 44.77657735], [24.28336697, 44.77675273], [24.28339743, 44.77691343], [24.28337701, 44.77698679], [24.28340134, 44.77712845], [24.28340755, 44.77716467], [24.28341341, 44.77719886], [24.28348982, 44.77866787], [24.28352494, 44.77916439], [24.28352408, 44.77918873], [24.28362697, 44.77918392], [24.28389003, 44.77914549], [24.28404101, 44.77909726], [24.28489951, 44.77882298], [24.28495494, 44.77872978], [24.28506547, 44.77855181], [24.28523239, 44.77839521], [24.2856467, 44.77819457], [24.28634159, 44.7778259], [24.28672806, 44.77762461], [24.28587536, 44.77756729], [24.2858732, 44.77750454], [24.28573282, 44.77750093], [24.28573045, 44.77743455], [24.28565451, 44.77743155], [24.28565191, 44.7773164], [24.28564798, 44.77720449], [24.28571948, 44.77720689], [24.28571691, 44.77713254], [24.28618898, 44.77714838], [24.28618931, 44.77705965], [24.28671654, 44.77707476], [24.28671699, 44.77695244], [24.28657289, 44.77694837], [24.28657325, 44.77685159], [24.28649594, 44.7768495], [24.285543, 44.77682375], [24.28554348, 44.77668844], [24.28642023, 44.77671213], [24.28642077, 44.77656477], [24.28595614, 44.77655253], [24.28595689, 44.77647308], [24.28596124, 44.77639406], [24.2861286, 44.77639847], [24.2861301, 44.77624133], [24.28637218, 44.77624724], [24.28637268, 44.77619671], [24.28639156, 44.77619716], [24.28639203, 44.77614886], [24.28641399, 44.7761494], [24.28641444, 44.77610359], [24.28640947, 44.77603139], [24.2865757, 44.77603657], [24.28680484, 44.77605147], [24.28680527, 44.77600536], [24.28689487, 44.77601164], [24.28689532, 44.77596368], [24.28769125, 44.77602178], [24.28779918, 44.7757876], [24.28727925, 44.77572598], [24.28748119, 44.77563369], [24.28760398, 44.77552322], [24.28774426, 44.77548346], [24.28578911, 44.77539713], [24.28581437, 44.77533958], [24.28745144, 44.77541011], [24.2877504, 44.77542332], [24.28780368, 44.77530429], [24.2881609, 44.77533761], [24.28831806, 44.77517777], [24.2884417, 44.77518911], [24.28850782, 44.77506091], [24.28833047, 44.77505216], [24.28833243, 44.77503206], [24.2882127, 44.77502615], [24.28821883, 44.77500226], [24.28822805, 44.77497851], [24.28823845, 44.77495481], [24.28828376, 44.77495704], [24.28829394, 44.77493382], [24.28869649, 44.7749537], [24.28875697, 44.77481588], [24.28907178, 44.77483056], [24.28911549, 44.77476221], [24.28954176, 44.77478127], [24.28958132, 44.77471947], [24.28928819, 44.77470714], [24.28932419, 44.77465087], [24.29070584, 44.77470662], [24.29073354, 44.77466332], [24.29054126, 44.77465589], [24.29056619, 44.77461692], [24.29121942, 44.77464138], [24.29122431, 44.77455404], [24.29084104, 44.77454316], [24.29084708, 44.7744948], [24.29100184, 44.77449919], [24.29100916, 44.77447772], [24.2910124, 44.7744682], [24.29105076, 44.77435569], [24.29105404, 44.77434607], [24.2910589, 44.77433183], [24.29107055, 44.77429766], [24.29127078, 44.774302], [24.2912938, 44.77415186], [24.29130064, 44.7741072], [24.29130224, 44.77408825], [24.29130392, 44.77406851], [24.2913097, 44.77400915], [24.29127762, 44.77395239], [24.2912536, 44.77391875], [24.29121232, 44.77386095], [24.29117855, 44.77380535], [24.29114916, 44.77375697], [24.28286203, 44.77356722], [24.28287549, 44.77363434], [24.28288745, 44.77369393], [24.28289893, 44.77375112], [24.28293916, 44.7739517], [24.28298604, 44.77412249], [24.28296965, 44.77427523], [24.28299577, 44.77453413], [24.28303886, 44.77466954]]], [[[24.28451041, 44.76914566], [24.28437504, 44.76914764], [24.28482748, 44.76970519], [24.2852647, 44.77024399], [24.28551204, 44.7705126], [24.28565998, 44.77067327], [24.28572385, 44.77074262], [24.28578779, 44.77081207], [24.2858835, 44.77091601], [24.28598506, 44.77101121], [24.28674171, 44.77099692], [24.28665684, 44.7708344], [24.28634268, 44.77082165], [24.28634746, 44.77081015], [24.28645053, 44.7707456], [24.2865491, 44.77068109], [24.28664289, 44.7706191], [24.28677625, 44.77054369], [24.28681554, 44.77052148], [24.28689222, 44.77049207], [24.28711053, 44.77041617], [24.28737013, 44.77035997], [24.2867427, 44.77033565], [24.28655032, 44.76992596], [24.28622758, 44.76978244], [24.28533577, 44.76938583], [24.28511178, 44.76911748], [24.28508864, 44.76911854], [24.28485312, 44.76912938], [24.28481022, 44.76912569], [24.28451041, 44.76914566]]]]}}, {"type": "Feature", "properties": {"tarla": "279", "nr_parcele": 137, "suprafata_totala": 174359}, "geometry": {"type": "MultiPolygon", "coordinates": [[[[24.28689222, 44.77049207], [24.28681554, 44.77052148], [24.28677625, 44.77054369], [24.28664289, 44.7706191], [24.2865491, 44.77068109], [24.28645053, 44.7707456], [24.28634746, 44.77081015], [24.28634268, 44.77082165], [24.28665684, 44.7708344], [24.28674171, 44.77099692], [24.28598506, 44.77101121], [24.28602205, 44.77104589], [24.28625371, 44.77115324], [24.28650647, 44.77127036], [24.28661056, 44.77131859], [24.28668016, 44.77135086], [24.28677986, 44.77138596], [24.28687023, 44.7714178], [24.28762608, 44.77144772], [24.28785562, 44.77138927], [24.28802739, 44.77134553], [24.28815635, 44.77131269], [24.28818992, 44.77130148], [24.2885028, 44.771197], [24.28884927, 44.77108132], [24.28922184, 44.77110322], [24.28953628, 44.77124806], [24.28954724, 44.77126296], [24.28963627, 44.77138376], [24.28967566, 44.77143723], [24.28971506, 44.77149071], [24.28980063, 44.77160684], [24.29003223, 44.77192113], [24.29006234, 44.77196201], [24.2900898, 44.77199927], [24.29012895, 44.77203381], [24.29018746, 44.77208542], [24.29022489, 44.77211844], [24.29034136, 44.77216596], [24.29082247, 44.77219661], [24.29132405, 44.77219395], [24.29159828, 44.7721745], [24.29161928, 44.77216955], [24.29176984, 44.77213401], [24.2918876, 44.77210622], [24.2920269, 44.77207335], [24.292152, 44.77204382], [24.29216709, 44.77204026], [24.29278606, 44.77199974], [24.29332054, 44.772008], [24.29360276, 44.77203727], [24.29388817, 44.77208552], [24.29400361, 44.77216132], [24.29406882, 44.77220414], [24.29413751, 44.77224924], [24.29420993, 44.7722968], [24.29426278, 44.7723315], [24.29436168, 44.7724297], [24.29446911, 44.77253637], [24.29454575, 44.77261245], [24.2945474, 44.77263868], [24.2945539, 44.77274078], [24.29456006, 44.77283779], [24.29456619, 44.77293463], [24.29457247, 44.7730335], [24.29458516, 44.7732334], [24.29458819, 44.77328125], [24.2945915, 44.77333351], [24.29459761, 44.77342975], [24.29459997, 44.77346686], [24.29458337, 44.7735188], [24.29455513, 44.77360719], [24.29454499, 44.77363892], [24.29433514, 44.77376666], [24.29406608, 44.77393043], [24.29401289, 44.77396281], [24.29397287, 44.77399896], [24.29387583, 44.77408664], [24.29381232, 44.77414401], [24.29418579, 44.77419782], [24.29421401, 44.77417349], [24.29428471, 44.77412833], [24.29440274, 44.77405292], [24.29443371, 44.77403313], [24.2945074, 44.77397474], [24.29454428, 44.77394551], [24.29476966, 44.7738134], [24.29493999, 44.77371354], [24.29496342, 44.77363753], [24.29498587, 44.77356469], [24.29498231, 44.77354844], [24.29496193, 44.77345558], [24.29494056, 44.77335822], [24.29493833, 44.77334809], [24.29492152, 44.77330468], [24.29490073, 44.77325102], [24.294823, 44.77305049], [24.29478329, 44.77294879], [24.29474454, 44.77284959], [24.29470574, 44.77275028], [24.2946939, 44.77271992], [24.29466044, 44.77264223], [24.29461662, 44.77254042], [24.29457108, 44.77243466], [24.29448625, 44.77234173], [24.29445548, 44.77230806], [24.29442022, 44.77226943], [24.29429753, 44.77221861], [24.29418872, 44.77217354], [24.29377644, 44.77200278], [24.2935742, 44.77196265], [24.29327818, 44.77194136], [24.29279395, 44.77193407], [24.29084749, 44.77181235], [24.29071916, 44.7716943], [24.29058374, 44.77156971], [24.29052546, 44.77151611], [24.29045274, 44.77144919], [24.29030262, 44.7713111], [24.29015926, 44.77117922], [24.28992861, 44.77096703], [24.28973967, 44.7707932], [24.28972199, 44.77077693], [24.28946448, 44.77063595], [24.28912226, 44.77044859], [24.28885199, 44.77030061], [24.28860606, 44.77023706], [24.288181, 44.77020477], [24.28793728, 44.7702291], [24.28737013, 44.77035997], [24.28711053, 44.77041617], [24.28689222, 44.77049207]]], [[[24.28805355, 44.77139621], [24.28863036, 44.7714182], [24.28962409, 44.77148342], [24.28958515, 44.77143058], [24.28954621, 44.77137774], [24.2894784, 44.77128572], [24.28941, 44.7712542], [24.28919665, 44.77115592], [24.28886315, 44.77113631], [24.28865437, 44.77120603], [24.28835008, 44.77130764], [24.28820697, 44.77135543], [24.28818525, 44.77136267], [24.28805355, 44.77139621]]], [[[24.28924362, 44.77200927], [24.28930795, 44.77205137], [24.28933562, 44.77208168], [24.28936316, 44.77211185], [24.28938847, 44.77213959], [24.2894673, 44.77223944], [24.28958815, 44.7723408], [24.28972669, 44.77244064], [24.28988976, 44.7725459], [24.29011507, 44.77265026], [24.29025971, 44.77275273], [24.29054642, 44.77295586], [24.29058205, 44.77298024], [24.29061857, 44.77300521], [24.29066985, 44.77305463], [24.29078644, 44.77316131], [24.29085854, 44.773255], [24.29089548, 44.77335052], [24.29093652, 44.77335096], [24.29447918, 44.77360155], [24.29450743, 44.77351315], [24.29452377, 44.773462], [24.29452154, 44.77342439], [24.29451571, 44.773328], [24.29451227, 44.77328058], [24.29450899, 44.77322915], [24.29449652, 44.77303266], [24.29449016, 44.77293238], [24.29448385, 44.77283293], [24.29447782, 44.77273799], [24.29447144, 44.77263735], [24.29447103, 44.7726309], [24.29437068, 44.77253125], [24.29426093, 44.7724223], [24.29420569, 44.77236746], [24.29414394, 44.7723269], [24.29408304, 44.77228691], [24.29401501, 44.77224225], [24.29394687, 44.7721975], [24.29388146, 44.77215455], [24.29385137, 44.77213479], [24.29358853, 44.77209036], [24.29331426, 44.77206384], [24.29278871, 44.77205379], [24.29258091, 44.77206739], [24.2922713, 44.77208766], [24.29218268, 44.77209347], [24.29208853, 44.77211569], [24.29195835, 44.7721464], [24.29178066, 44.77218835], [24.29161196, 44.77222473], [24.29132809, 44.77224793], [24.29109441, 44.77224916], [24.29081938, 44.77225063], [24.29031808, 44.7722187], [24.29017486, 44.77216025], [24.29008784, 44.77208349], [24.29002615, 44.77202907], [24.29000291, 44.77199752], [24.2899761, 44.77196116], [24.28994566, 44.77191983], [24.28971128, 44.77160176], [24.28923171, 44.77157673], [24.2890268, 44.77156603], [24.28813145, 44.77155423], [24.2881288, 44.7718973], [24.28694333, 44.77188258], [24.28697332, 44.77192169], [24.2870046, 44.7719625], [24.28703015, 44.77199582], [24.28924362, 44.77200927]]], [[[24.28689487, 44.77601164], [24.28680527, 44.77600536], [24.28680484, 44.77605147], [24.2865757, 44.77603657], [24.28640947, 44.77603139], [24.28641444, 44.77610359], [24.28641399, 44.7761494], [24.28639203, 44.77614886], [24.28639156, 44.77619716], [24.28637268, 44.77619671], [24.28637218, 44.77624724], [24.2861301, 44.77624133], [24.2861286, 44.77639847], [24.28596124, 44.77639406], [24.28595689, 44.77647308], [24.28595614, 44.77655253], [24.28642077, 44.77656477], [24.28642023, 44.77671213], [24.28649642, 44.77671419], [24.28806546, 44.77675657], [24.28812613, 44.77663719], [24.28812924, 44.77662381], [24.28814653, 44.7765492], [24.2881636, 44.77647549], [24.2881951, 44.77633953], [24.28820438, 44.77629951], [24.28821435, 44.77625645], [24.28822281, 44.77621993], [24.28823021, 44.77620883], [24.28827162, 44.77614679], [24.28829621, 44.77610995], [24.28830588, 44.77609546], [24.28834359, 44.77606939], [24.28857907, 44.77590662], [24.28864324, 44.77588765], [24.28879459, 44.7758429], [24.28903293, 44.77581064], [24.28748119, 44.77563369], [24.28727925, 44.77572598], [24.28779918, 44.7757876], [24.28769125, 44.77602178], [24.28689532, 44.77596368], [24.28689487, 44.77601164]]], [[[24.28618898, 44.77714838], [24.28571691, 44.77713254], [24.28571948, 44.77720689], [24.28564798, 44.77720449], [24.28565191, 44.7773164], [24.28565451, 44.77743155], [24.28573045, 44.77743455], [24.28573282, 44.77750093], [24.2858732, 44.77750454], [24.28587536, 44.77756729], [24.28672806, 44.77762461], [24.28678008, 44.77759752], [24.2868565, 44.777547], [24.28693034, 44.77749815], [24.28713013, 44.77736598], [24.28729097, 44.7772596], [24.28739782, 44.77718891], [24.28748431, 44.77713167], [24.28755652, 44.77709883], [24.28776673, 44.77700316], [24.28779479, 44.77698291], [24.28792598, 44.77688812], [24.28657325, 44.77685159], [24.28657289, 44.77694837], [24.28671699, 44.77695244], [24.28671654, 44.77707476], [24.28618931, 44.77705965], [24.28618898, 44.77714838]]], [[[24.2910124, 44.7744682], [24.29100916, 44.77447772], [24.29100184, 44.77449919], [24.29084708, 44.7744948], [24.29084104, 44.77454316], [24.29122431, 44.77455404], [24.29121942, 44.77464138], [24.29056619, 44.77461692], [24.29054126, 44.77465589], [24.29073354, 44.77466332], [24.29070584, 44.77470662], [24.28932419, 44.77465087], [24.28928819, 44.77470714], [24.28958132, 44.77471947], [24.28954176, 44.77478127], [24.28911549, 44.77476221], [24.28907178, 44.77483056], [24.28875697, 44.77481588], [24.28869649, 44.7749537], [24.28829394, 44.77493382], [24.28828376, 44.77495704], [24.28823845, 44.77495481], [24.28822805, 44.77497851], [24.28821883, 44.77500226], [24.2882127, 44.77502615], [24.28833243, 44.77503206], [24.28833047, 44.77505216], [24.28850782, 44.77506091], [24.2884417, 44.77518911], [24.28831806, 44.77517777], [24.2881609, 44.77533761], [24.28780368, 44.77530429], [24.2877504, 44.77542332], [24.2897648, 44.77565773], [24.28975625, 44.7757686], [24.28997553, 44.77576234], [24.29131244, 44.77574026], [24.29145004, 44.77573825], [24.29158855, 44.77573623], [24.29160486, 44.77573599], [24.29169307, 44.77575562], [24.29169314, 44.77575553], [24.29173953, 44.77569875], [24.29203964, 44.77533142], [24.29217204, 44.77529812], [24.29239782, 44.77524133], [24.29250307, 44.77520352], [24.29253309, 44.77519274], [24.29261943, 44.77513446], [24.29306976, 44.77472761], [24.29325775, 44.7745578], [24.29358502, 44.77426215], [24.29365848, 44.77419577], [24.29130392, 44.77406851], [24.29130224, 44.77408825], [24.29130064, 44.7741072], [24.2912938, 44.77415186], [24.29127078, 44.774302], [24.29107055, 44.77429766], [24.2910589, 44.77433183], [24.29105404, 44.77434607], [24.29105076, 44.77435569], [24.2910124, 44.7744682]]], [[[24.2913097, 44.77400915], [24.29372075, 44.77413952], [24.2937841, 44.77408228], [24.29388092, 44.77399481], [24.29395566, 44.77392729], [24.29114916, 44.77375697], [24.29117855, 44.77380535], [24.29121232, 44.77386095], [24.2912536, 44.77391875], [24.29127762, 44.77395239], [24.2913097, 44.77400915]]], [[[24.29326705, 44.77488104], [24.29328702, 44.77486877], [24.29335861, 44.77482475], [24.29349043, 44.7747437], [24.29350546, 44.77473446], [24.29360435, 44.77467365], [24.29366432, 44.77461517], [24.29355606, 44.7745736], [24.29340219, 44.77451453], [24.29321762, 44.77468128], [24.29302963, 44.7748511], [24.29267555, 44.77517096], [24.29257717, 44.77523739], [24.29248081, 44.775272], [24.29242765, 44.77529109], [24.29215175, 44.77536049], [24.29209114, 44.77537573], [24.29176538, 44.77577445], [24.29184371, 44.77581605], [24.29202215, 44.77572672], [24.29203727, 44.77571262], [24.29224314, 44.7755205], [24.29241535, 44.77537725], [24.29245182, 44.77536113], [24.29279569, 44.77520924], [24.29291939, 44.77513181], [24.29295494, 44.77510616], [24.29310995, 44.77499437], [24.29326705, 44.77488104]]], [[[24.29344895, 44.77447227], [24.29357315, 44.77451927], [24.2937097, 44.77457094], [24.29371707, 44.77456373], [24.29380568, 44.77447733], [24.2938705, 44.77443422], [24.29400301, 44.77434607], [24.29405012, 44.77431473], [24.29412291, 44.77425199], [24.29375, 44.77420031], [24.2936708, 44.77427187], [24.29364312, 44.77429687], [24.29344895, 44.77447227]]]]}}]}